timestamp,anomaly_score,is_anomaly,risk_level,risk_color,affected_areas,anomaly_features,scenario_count,scenario_1_feature,scenario_1_name,scenario_1_description,scenario_1_impact,scenario_1_action,scenario_2_feature,scenario_2_name,scenario_2_description,scenario_2_impact,scenario_2_action,scenario_3_feature,scenario_3_name,scenario_3_description,scenario_3_impact,scenario_3_action,scenario_4_feature,scenario_4_name,scenario_4_description,scenario_4_impact,scenario_4_action
2025-05-17 00:00:00,1.480348245109851,1,危险,红色,原料与采购物流区; 轧制区; 炼铁区; 烧结/球团区,炼铁区_温度传感器_铁水温度; 原料与采购物流区_料位传感器_料位高度; 烧结/球团区_湿度传感器_混料水分; 轧制区_温度传感器_坯料温度,4,炼铁区_温度传感器_铁水温度,铁水温度异常,高炉出铁温度偏离正常范围,直铁水温度直接影响炼钢区钢水初始温度,调整高炉操作参数和燃料结构,原料与采购物流区_料位传感器_料位高度,料仓存量异常,料仓料位过高或过低，影响连续供料,原料区的料位高度变化直接影响烧结区混料水分含量,及时补料或调整出料速度,烧结/球团区_湿度传感器_混料水分,混料水分超标,混合料水分含量异常，影响成球效果,混料水分含量波动会影响烧结矿强度，进而影响炼铁区的炉顶压力变化,调整加水量或增加脱水措施,轧制区_温度传感器_坯料温度,坯料温度异常,轧制前坯料温度偏离工艺要求,影响轧制力分配和产品性能,调整加热炉操作或轧制节拍
2025-05-17 00:00:30,0.7792574354176697,1,警告,黄色,炼钢区; 炼铁区; 连铸区; 烧结/球团区; 原料与采购物流区,炼铁区_温度传感器_铁水温度; 原料与采购物流区_料位传感器_料位高度; 烧结/球团区_湿度传感器_混料水分; 炼钢区_温度传感器_钢水温度,4,炼铁区_温度传感器_铁水温度,铁水温度异常,高炉出铁温度偏离正常范围,直铁水温度直接影响炼钢区钢水初始温度,调整高炉操作参数和燃料结构,原料与采购物流区_料位传感器_料位高度,料仓存量异常,料仓料位过高或过低，影响连续供料,原料区的料位高度变化直接影响烧结区混料水分含量,及时补料或调整出料速度,烧结/球团区_湿度传感器_混料水分,混料水分超标,混合料水分含量异常，影响成球效果,混料水分含量波动会影响烧结矿强度，进而影响炼铁区的炉顶压力变化,调整加水量或增加脱水措施,炼钢区_温度传感器_钢水温度,钢水温度偏差,转炉或电炉钢水温度异常,炼钢区钢水温度直接影响连铸区钢水温度,调整冶炼工艺和加热参数
2025-05-17 00:01:00,0.4833008495307755,0,安全,绿色,无,无,0,,,,,,,,,,,,,,,,,,,,
2025-05-17 00:01:30,0.4928547167356162,0,安全,绿色,无,无,0,,,,,,,,,,,,,,,,,,,,
2025-05-17 00:02:00,0.4710388663847373,0,安全,绿色,无,无,0,,,,,,,,,,,,,,,,,,,,
2025-05-17 00:02:30,0.4630939790974869,0,安全,绿色,无,无,0,,,,,,,,,,,,,,,,,,,,
2025-05-17 00:03:00,0.388238406532071,0,安全,绿色,无,无,0,,,,,,,,,,,,,,,,,,,,
2025-05-17 00:03:30,0.4635927133167509,0,安全,绿色,无,无,0,,,,,,,,,,,,,,,,,,,,
2025-05-17 00:04:00,0.3904092400326593,0,安全,绿色,无,无,0,,,,,,,,,,,,,,,,,,,,
2025-05-17 00:04:30,0.3952343550225549,0,安全,绿色,无,无,0,,,,,,,,,,,,,,,,,,,,
2025-05-17 00:05:00,0.4036075697086085,0,安全,绿色,无,无,0,,,,,,,,,,,,,,,,,,,,
2025-05-17 00:05:30,0.4118225864383592,0,安全,绿色,无,无,0,,,,,,,,,,,,,,,,,,,,
2025-05-17 00:06:00,0.4265860731255008,0,安全,绿色,无,无,0,,,,,,,,,,,,,,,,,,,,
2025-05-17 00:06:30,0.3932239490918197,0,安全,绿色,无,无,0,,,,,,,,,,,,,,,,,,,,
2025-05-17 00:07:00,0.4193525153030013,0,安全,绿色,无,无,0,,,,,,,,,,,,,,,,,,,,
2025-05-17 00:07:30,0.3456236005251019,0,安全,绿色,无,无,0,,,,,,,,,,,,,,,,,,,,
2025-05-17 00:08:00,0.3645417362758143,0,安全,绿色,无,无,0,,,,,,,,,,,,,,,,,,,,
2025-05-17 00:08:30,0.373841471254817,0,安全,绿色,无,无,0,,,,,,,,,,,,,,,,,,,,
2025-05-17 00:09:00,0.3645417362758143,0,安全,绿色,无,无,0,,,,,,,,,,,,,,,,,,,,
2025-05-17 00:09:30,0.2895651937534937,0,安全,绿色,无,无,0,,,,,,,,,,,,,,,,,,,,
2025-05-17 00:10:00,0.3129472370331164,0,安全,绿色,无,无,0,,,,,,,,,,,,,,,,,,,,
2025-05-17 00:10:30,0.2950374184473823,0,安全,绿色,无,无,0,,,,,,,,,,,,,,,,,,,,
2025-05-17 00:11:00,0.3653989573901025,0,安全,绿色,无,无,0,,,,,,,,,,,,,,,,,,,,
2025-05-17 00:11:30,0.3607027843001434,0,安全,绿色,无,无,0,,,,,,,,,,,,,,,,,,,,
2025-05-17 00:12:00,0.3571282315120408,0,安全,绿色,无,无,0,,,,,,,,,,,,,,,,,,,,
2025-05-17 00:12:30,0.3589476994091303,0,安全,绿色,无,无,0,,,,,,,,,,,,,,,,,,,,
2025-05-17 00:13:00,0.3375881506524859,0,安全,绿色,无,无,0,,,,,,,,,,,,,,,,,,,,
2025-05-17 00:13:30,0.419945306728632,0,安全,绿色,无,无,0,,,,,,,,,,,,,,,,,,,,
2025-05-17 00:14:00,0.4364312527325648,0,安全,绿色,无,无,0,,,,,,,,,,,,,,,,,,,,
2025-05-17 00:14:30,0.3653209914258422,0,安全,绿色,无,无,0,,,,,,,,,,,,,,,,,,,,
2025-05-17 00:15:00,0.3651331459283065,0,安全,绿色,无,无,0,,,,,,,,,,,,,,,,,,,,
2025-05-17 00:15:30,0.3682248020571846,0,安全,绿色,无,无,0,,,,,,,,,,,,,,,,,,,,
2025-05-17 00:16:00,0.3682248020571846,0,安全,绿色,无,无,0,,,,,,,,,,,,,,,,,,,,
2025-05-17 00:16:30,0.3490689946515546,0,安全,绿色,无,无,0,,,,,,,,,,,,,,,,,,,,
2025-05-17 00:17:00,0.3589476994091303,0,安全,绿色,无,无,0,,,,,,,,,,,,,,,,,,,,
2025-05-17 00:17:30,0.348555132372176,0,安全,绿色,无,无,0,,,,,,,,,,,,,,,,,,,,
2025-05-17 00:18:00,0.4845532568253107,0,安全,绿色,无,无,0,,,,,,,,,,,,,,,,,,,,
2025-05-17 00:18:30,0.6338557589680385,0,安全,绿色,无,无,0,,,,,,,,,,,,,,,,,,,,
2025-05-17 00:19:00,1.0881966305575843,1,警告,黄色,轧制区,轧制区_力传感器_轧制力,1,轧制区_力传感器_轧制力,轧制力异常,轧制力偏离预期值，可能设备或工艺异常,轧制力和轧制速度变化会影响成品厚度/宽度，进而影响热处理参数,检查轧机状态，调整轧制参数,,,,,,,,,,,,,,,
2025-05-17 00:19:30,0.2941125011055563,0,安全,绿色,无,无,0,,,,,,,,,,,,,,,,,,,,
2025-05-17 00:20:00,0.4256574982392152,0,安全,绿色,无,无,0,,,,,,,,,,,,,,,,,,,,
2025-05-17 00:20:30,0.3311915393551854,0,安全,绿色,无,无,0,,,,,,,,,,,,,,,,,,,,
2025-05-17 00:21:00,0.3802634512331265,0,安全,绿色,无,无,0,,,,,,,,,,,,,,,,,,,,
2025-05-17 00:21:30,0.4114015893131182,0,安全,绿色,无,无,0,,,,,,,,,,,,,,,,,,,,
2025-05-17 00:22:00,0.3162551758111288,0,安全,绿色,无,无,0,,,,,,,,,,,,,,,,,,,,
2025-05-17 00:22:30,0.3274088957287596,0,安全,绿色,无,无,0,,,,,,,,,,,,,,,,,,,,
2025-05-17 00:23:00,0.4260091062498283,0,安全,绿色,无,无,0,,,,,,,,,,,,,,,,,,,,
2025-05-17 00:23:30,0.3855797222990259,0,安全,绿色,无,无,0,,,,,,,,,,,,,,,,,,,,
2025-05-17 00:24:00,0.3589004023861318,0,安全,绿色,无,无,0,,,,,,,,,,,,,,,,,,,,
2025-05-17 00:24:30,0.3478356574259932,0,安全,绿色,无,无,0,,,,,,,,,,,,,,,,,,,,
2025-05-17 00:25:00,0.3478356574259932,0,安全,绿色,无,无,0,,,,,,,,,,,,,,,,,,,,
2025-05-17 00:25:30,0.3390557402587991,0,安全,绿色,无,无,0,,,,,,,,,,,,,,,,,,,,
2025-05-17 00:26:00,0.3134145187990706,0,安全,绿色,无,无,0,,,,,,,,,,,,,,,,,,,,
2025-05-17 00:26:30,0.2903813025800293,0,安全,绿色,无,无,0,,,,,,,,,,,,,,,,,,,,
2025-05-17 00:27:00,0.3447557723716279,0,安全,绿色,无,无,0,,,,,,,,,,,,,,,,,,,,
2025-05-17 00:27:30,0.3767802074937491,0,安全,绿色,无,无,0,,,,,,,,,,,,,,,,,,,,
2025-05-17 00:28:00,0.3222035660909327,0,安全,绿色,无,无,0,,,,,,,,,,,,,,,,,,,,
2025-05-17 00:28:30,0.2797734060849084,0,安全,绿色,无,无,0,,,,,,,,,,,,,,,,,,,,
2025-05-17 00:29:00,0.3222035660909327,0,安全,绿色,无,无,0,,,,,,,,,,,,,,,,,,,,
2025-05-17 00:29:30,0.2987415169888714,0,安全,绿色,无,无,0,,,,,,,,,,,,,,,,,,,,
2025-05-17 00:30:00,0.3028590609300053,0,安全,绿色,无,无,0,,,,,,,,,,,,,,,,,,,,
2025-05-17 00:30:30,0.4339896302404897,0,安全,绿色,无,无,0,,,,,,,,,,,,,,,,,,,,
2025-05-17 00:31:00,0.3536569273186014,0,安全,绿色,无,无,0,,,,,,,,,,,,,,,,,,,,
2025-05-17 00:31:30,0.3587644101404906,0,安全,绿色,无,无,0,,,,,,,,,,,,,,,,,,,,
2025-05-17 00:32:00,0.3922386766934975,0,安全,绿色,无,无,0,,,,,,,,,,,,,,,,,,,,
2025-05-17 00:32:30,0.3826659960420563,0,安全,绿色,无,无,0,,,,,,,,,,,,,,,,,,,,
2025-05-17 00:33:00,0.3536569273186014,0,安全,绿色,无,无,0,,,,,,,,,,,,,,,,,,,,
2025-05-17 00:33:30,0.4270460358009275,0,安全,绿色,无,无,0,,,,,,,,,,,,,,,,,,,,
2025-05-17 00:34:00,0.3393227338969845,0,安全,绿色,无,无,0,,,,,,,,,,,,,,,,,,,,
2025-05-17 00:34:30,0.3726637610370981,0,安全,绿色,无,无,0,,,,,,,,,,,,,,,,,,,,
2025-05-17 00:35:00,0.3869593991136441,0,安全,绿色,无,无,0,,,,,,,,,,,,,,,,,,,,
2025-05-17 00:35:30,0.3616622969825688,0,安全,绿色,无,无,0,,,,,,,,,,,,,,,,,,,,
2025-05-17 00:36:00,0.3300222734390183,0,安全,绿色,无,无,0,,,,,,,,,,,,,,,,,,,,
2025-05-17 00:36:30,0.3124802568181335,0,安全,绿色,无,无,0,,,,,,,,,,,,,,,,,,,,
2025-05-17 00:37:00,0.3202243187382159,0,安全,绿色,无,无,0,,,,,,,,,,,,,,,,,,,,
2025-05-17 00:37:30,0.3644060405810729,0,安全,绿色,无,无,0,,,,,,,,,,,,,,,,,,,,
2025-05-17 00:38:00,0.3869593991136441,0,安全,绿色,无,无,0,,,,,,,,,,,,,,,,,,,,
2025-05-17 00:38:30,1.0630563276324572,1,警告,黄色,轧制区,轧制区_力传感器_轧制力,1,轧制区_力传感器_轧制力,轧制力异常,轧制力偏离预期值，可能设备或工艺异常,轧制力和轧制速度变化会影响成品厚度/宽度，进而影响热处理参数,检查轧机状态，调整轧制参数,,,,,,,,,,,,,,,
2025-05-17 00:39:00,0.3239879387657229,0,安全,绿色,无,无,0,,,,,,,,,,,,,,,,,,,,
2025-05-17 00:39:30,0.4824349823639016,0,安全,绿色,无,无,0,,,,,,,,,,,,,,,,,,,,
2025-05-17 00:40:00,0.69898294243127,0,安全,绿色,无,无,0,,,,,,,,,,,,,,,,,,,,
2025-05-17 00:40:30,0.6047420077606519,0,安全,绿色,无,无,0,,,,,,,,,,,,,,,,,,,,
2025-05-17 00:41:00,0.5532662727459905,0,安全,绿色,无,无,0,,,,,,,,,,,,,,,,,,,,
2025-05-17 00:41:30,0.4632025532237697,0,安全,绿色,无,无,0,,,,,,,,,,,,,,,,,,,,
2025-05-17 00:42:00,0.4413569739986641,0,安全,绿色,无,无,0,,,,,,,,,,,,,,,,,,,,
2025-05-17 00:42:30,0.5334236020297235,0,安全,绿色,无,无,0,,,,,,,,,,,,,,,,,,,,
2025-05-17 00:43:00,0.5523584798544243,0,安全,绿色,无,无,0,,,,,,,,,,,,,,,,,,,,
2025-05-17 00:43:30,0.533545077572954,0,安全,绿色,无,无,0,,,,,,,,,,,,,,,,,,,,
2025-05-17 00:44:00,0.3851712839088489,0,安全,绿色,无,无,0,,,,,,,,,,,,,,,,,,,,
2025-05-17 00:44:30,0.5047973546841926,0,安全,绿色,无,无,0,,,,,,,,,,,,,,,,,,,,
2025-05-17 00:45:00,0.3289426408607785,0,安全,绿色,无,无,0,,,,,,,,,,,,,,,,,,,,
2025-05-17 00:45:30,0.4131556078184347,0,安全,绿色,无,无,0,,,,,,,,,,,,,,,,,,,,
2025-05-17 00:46:00,0.3379177874311698,0,安全,绿色,无,无,0,,,,,,,,,,,,,,,,,,,,
2025-05-17 00:46:30,0.3114484499144495,0,安全,绿色,无,无,0,,,,,,,,,,,,,,,,,,,,
2025-05-17 00:47:00,0.3379530947270426,0,安全,绿色,无,无,0,,,,,,,,,,,,,,,,,,,,
2025-05-17 00:47:30,0.2922736392224802,0,安全,绿色,无,无,0,,,,,,,,,,,,,,,,,,,,
2025-05-17 00:48:00,0.3358579746193733,0,安全,绿色,无,无,0,,,,,,,,,,,,,,,,,,,,
2025-05-17 00:48:30,0.4585397911765269,0,安全,绿色,无,无,0,,,,,,,,,,,,,,,,,,,,
2025-05-17 00:49:00,0.3114484499144495,0,安全,绿色,无,无,0,,,,,,,,,,,,,,,,,,,,
2025-05-17 00:49:30,0.3266364346461723,0,安全,绿色,无,无,0,,,,,,,,,,,,,,,,,,,,
2025-05-17 00:50:00,0.3687987408174226,0,安全,绿色,无,无,0,,,,,,,,,,,,,,,,,,,,
2025-05-17 00:50:30,0.3614440055480626,0,安全,绿色,无,无,0,,,,,,,,,,,,,,,,,,,,
2025-05-17 00:51:00,0.3193088544253044,0,安全,绿色,无,无,0,,,,,,,,,,,,,,,,,,,,
2025-05-17 00:51:30,0.2971750807077212,0,安全,绿色,无,无,0,,,,,,,,,,,,,,,,,,,,
2025-05-17 00:52:00,0.3021702718780457,0,安全,绿色,无,无,0,,,,,,,,,,,,,,,,,,,,
2025-05-17 00:52:30,0.2849651283088721,0,安全,绿色,无,无,0,,,,,,,,,,,,,,,,,,,,
2025-05-17 00:53:00,0.322041919218143,0,安全,绿色,无,无,0,,,,,,,,,,,,,,,,,,,,
2025-05-17 00:53:30,0.3042513796816918,0,安全,绿色,无,无,0,,,,,,,,,,,,,,,,,,,,
2025-05-17 00:54:00,0.24064117466679,0,安全,绿色,无,无,0,,,,,,,,,,,,,,,,,,,,
2025-05-17 00:54:30,0.3128689345156968,0,安全,绿色,无,无,0,,,,,,,,,,,,,,,,,,,,
2025-05-17 00:55:00,0.279312507530177,0,安全,绿色,无,无,0,,,,,,,,,,,,,,,,,,,,
2025-05-17 00:55:30,0.2948043669477993,0,安全,绿色,无,无,0,,,,,,,,,,,,,,,,,,,,
2025-05-17 00:56:00,0.279312507530177,0,安全,绿色,无,无,0,,,,,,,,,,,,,,,,,,,,
2025-05-17 00:56:30,0.2607636959210497,0,安全,绿色,无,无,0,,,,,,,,,,,,,,,,,,,,
2025-05-17 00:57:00,0.2923686612954311,0,安全,绿色,无,无,0,,,,,,,,,,,,,,,,,,,,
2025-05-17 00:57:30,1.0381922793090723,1,警告,黄色,轧制区,轧制区_力传感器_轧制力,1,轧制区_力传感器_轧制力,轧制力异常,轧制力偏离预期值，可能设备或工艺异常,轧制力和轧制速度变化会影响成品厚度/宽度，进而影响热处理参数,检查轧机状态，调整轧制参数,,,,,,,,,,,,,,,
2025-05-17 00:58:00,0.3165984902422364,0,安全,绿色,无,无,0,,,,,,,,,,,,,,,,,,,,
2025-05-17 00:58:30,0.3850526213929237,0,安全,绿色,无,无,0,,,,,,,,,,,,,,,,,,,,
2025-05-17 00:59:00,0.2823726698847628,0,安全,绿色,无,无,0,,,,,,,,,,,,,,,,,,,,
2025-05-17 00:59:30,0.2512823883215599,0,安全,绿色,无,无,0,,,,,,,,,,,,,,,,,,,,
2025-05-17 01:00:00,0.3048275140909426,0,安全,绿色,无,无,0,,,,,,,,,,,,,,,,,,,,
2025-05-17 01:00:30,0.2829165941060391,0,安全,绿色,无,无,0,,,,,,,,,,,,,,,,,,,,
2025-05-17 01:01:00,0.2493542030809948,0,安全,绿色,无,无,0,,,,,,,,,,,,,,,,,,,,
2025-05-17 01:01:30,0.2688971606830811,0,安全,绿色,无,无,0,,,,,,,,,,,,,,,,,,,,
2025-05-17 01:02:00,0.2775570753181713,0,安全,绿色,无,无,0,,,,,,,,,,,,,,,,,,,,
2025-05-17 01:02:30,0.2855834443904888,0,安全,绿色,无,无,0,,,,,,,,,,,,,,,,,,,,
2025-05-17 01:03:00,0.2932333532173208,0,安全,绿色,无,无,0,,,,,,,,,,,,,,,,,,,,
2025-05-17 01:03:30,0.2857382007731536,0,安全,绿色,无,无,0,,,,,,,,,,,,,,,,,,,,
2025-05-17 01:04:00,0.2695555480989073,0,安全,绿色,无,无,0,,,,,,,,,,,,,,,,,,,,
2025-05-17 01:04:30,0.3208861400130022,0,安全,绿色,无,无,0,,,,,,,,,,,,,,,,,,,,
2025-05-17 01:05:00,0.3081735917363147,0,安全,绿色,无,无,0,,,,,,,,,,,,,,,,,,,,
2025-05-17 01:05:30,0.2741458130546849,0,安全,绿色,无,无,0,,,,,,,,,,,,,,,,,,,,
2025-05-17 01:06:00,0.2379218012494294,0,安全,绿色,无,无,0,,,,,,,,,,,,,,,,,,,,
2025-05-17 01:06:30,0.3130867329283202,0,安全,绿色,无,无,0,,,,,,,,,,,,,,,,,,,,
2025-05-17 01:07:00,0.2815509112107928,0,安全,绿色,无,无,0,,,,,,,,,,,,,,,,,,,,
2025-05-17 01:07:30,0.2760677403827402,0,安全,绿色,无,无,0,,,,,,,,,,,,,,,,,,,,
2025-05-17 01:08:00,0.2458267661567289,0,安全,绿色,无,无,0,,,,,,,,,,,,,,,,,,,,
2025-05-17 01:08:30,0.3271911162458039,0,安全,绿色,无,无,0,,,,,,,,,,,,,,,,,,,,
2025-05-17 01:09:00,0.2905784110802322,0,安全,绿色,无,无,0,,,,,,,,,,,,,,,,,,,,
2025-05-17 01:09:30,0.3870909623902117,0,安全,绿色,无,无,0,,,,,,,,,,,,,,,,,,,,
2025-05-17 01:10:00,0.2899272475340169,0,安全,绿色,无,无,0,,,,,,,,,,,,,,,,,,,,
2025-05-17 01:10:30,0.3070509878928628,0,安全,绿色,无,无,0,,,,,,,,,,,,,,,,,,,,
2025-05-17 01:11:00,0.3355825441290191,0,安全,绿色,无,无,0,,,,,,,,,,,,,,,,,,,,
2025-05-17 01:11:30,0.4578818207255635,0,安全,绿色,无,无,0,,,,,,,,,,,,,,,,,,,,
2025-05-17 01:12:00,0.2953977851812822,0,安全,绿色,无,无,0,,,,,,,,,,,,,,,,,,,,
2025-05-17 01:12:30,0.3238437865816997,0,安全,绿色,无,无,0,,,,,,,,,,,,,,,,,,,,
2025-05-17 01:13:00,0.331848650300434,0,安全,绿色,无,无,0,,,,,,,,,,,,,,,,,,,,
2025-05-17 01:13:30,0.331848650300434,0,安全,绿色,无,无,0,,,,,,,,,,,,,,,,,,,,
2025-05-17 01:14:00,0.297250951973433,0,安全,绿色,无,无,0,,,,,,,,,,,,,,,,,,,,
2025-05-17 01:14:30,0.3608279637724006,0,安全,绿色,无,无,0,,,,,,,,,,,,,,,,,,,,
2025-05-17 01:15:00,0.4429241212388555,0,安全,绿色,无,无,0,,,,,,,,,,,,,,,,,,,,
2025-05-17 01:15:30,0.4383909706419875,0,安全,绿色,无,无,0,,,,,,,,,,,,,,,,,,,,
2025-05-17 01:16:00,0.5014879629562922,0,安全,绿色,无,无,0,,,,,,,,,,,,,,,,,,,,
2025-05-17 01:16:30,0.8179905711653515,1,警告,黄色,炼钢区; 连铸区,炼钢区_温度传感器_钢水温度; 炼钢区_成分分析仪_主要元素含量,2,炼钢区_温度传感器_钢水温度,钢水温度偏差,转炉或电炉钢水温度异常,炼钢区钢水温度直接影响连铸区钢水温度,调整冶炼工艺和加热参数,炼钢区_成分分析仪_主要元素含量,钢液成分异常,钢液中主要元素含量偏离目标值,主要元素含量波动会影响连铸过程的稳定性,进行成分调整和合金化处理,,,,,,,,,,
2025-05-17 01:17:00,1.1912390476065788,1,警告,黄色,轧制区; 炼钢区; 连铸区,轧制区_力传感器_轧制力; 炼钢区_成分分析仪_主要元素含量; 炼钢区_温度传感器_钢水温度,3,轧制区_力传感器_轧制力,轧制力异常,轧制力偏离预期值，可能设备或工艺异常,轧制力和轧制速度变化会影响成品厚度/宽度，进而影响热处理参数,检查轧机状态，调整轧制参数,炼钢区_成分分析仪_主要元素含量,钢液成分异常,钢液中主要元素含量偏离目标值,主要元素含量波动会影响连铸过程的稳定性,进行成分调整和合金化处理,炼钢区_温度传感器_钢水温度,钢水温度偏差,转炉或电炉钢水温度异常,炼钢区钢水温度直接影响连铸区钢水温度,调整冶炼工艺和加热参数,,,,,
2025-05-17 01:17:30,0.5655384588039991,0,安全,绿色,无,无,0,,,,,,,,,,,,,,,,,,,,
2025-05-17 01:18:00,0.5740303321543532,0,安全,绿色,无,无,0,,,,,,,,,,,,,,,,,,,,
2025-05-17 01:18:30,0.4220494694685384,0,安全,绿色,无,无,0,,,,,,,,,,,,,,,,,,,,
2025-05-17 01:19:00,0.3935859406089158,0,安全,绿色,无,无,0,,,,,,,,,,,,,,,,,,,,
2025-05-17 01:19:30,0.4640024902614169,0,安全,绿色,无,无,0,,,,,,,,,,,,,,,,,,,,
2025-05-17 01:20:00,0.5597938176268107,0,安全,绿色,无,无,0,,,,,,,,,,,,,,,,,,,,
2025-05-17 01:20:30,0.398344217940988,0,安全,绿色,无,无,0,,,,,,,,,,,,,,,,,,,,
2025-05-17 01:21:00,0.3935859406089158,0,安全,绿色,无,无,0,,,,,,,,,,,,,,,,,,,,
2025-05-17 01:21:30,0.3179835679278175,0,安全,绿色,无,无,0,,,,,,,,,,,,,,,,,,,,
2025-05-17 01:22:00,0.398344217940988,0,安全,绿色,无,无,0,,,,,,,,,,,,,,,,,,,,
2025-05-17 01:22:30,0.3198772866170891,0,安全,绿色,无,无,0,,,,,,,,,,,,,,,,,,,,
2025-05-17 01:23:00,0.4388097603202178,0,安全,绿色,无,无,0,,,,,,,,,,,,,,,,,,,,
2025-05-17 01:23:30,0.3179835679278175,0,安全,绿色,无,无,0,,,,,,,,,,,,,,,,,,,,
2025-05-17 01:24:00,0.3461171611145185,0,安全,绿色,无,无,0,,,,,,,,,,,,,,,,,,,,
2025-05-17 01:24:30,0.3159026635427157,0,安全,绿色,无,无,0,,,,,,,,,,,,,,,,,,,,
2025-05-17 01:25:00,0.2967040277006011,0,安全,绿色,无,无,0,,,,,,,,,,,,,,,,,,,,
2025-05-17 01:25:30,0.3204294732090654,0,安全,绿色,无,无,0,,,,,,,,,,,,,,,,,,,,
2025-05-17 01:26:00,0.2900278232709385,0,安全,绿色,无,无,0,,,,,,,,,,,,,,,,,,,,
2025-05-17 01:26:30,0.3381248299378537,0,安全,绿色,无,无,0,,,,,,,,,,,,,,,,,,,,
2025-05-17 01:27:00,0.256393683271256,0,安全,绿色,无,无,0,,,,,,,,,,,,,,,,,,,,
2025-05-17 01:27:30,0.2900278232709385,0,安全,绿色,无,无,0,,,,,,,,,,,,,,,,,,,,
2025-05-17 01:28:00,0.3228401197953277,0,安全,绿色,无,无,0,,,,,,,,,,,,,,,,,,,,
2025-05-17 01:28:30,0.436142209469703,0,安全,绿色,无,无,0,,,,,,,,,,,,,,,,,,,,
2025-05-17 01:29:00,0.2894188830587165,0,安全,绿色,无,无,0,,,,,,,,,,,,,,,,,,,,
2025-05-17 01:29:30,0.3719755639613056,0,安全,绿色,无,无,0,,,,,,,,,,,,,,,,,,,,
2025-05-17 01:30:00,0.3066203623056119,0,安全,绿色,无,无,0,,,,,,,,,,,,,,,,,,,,
2025-05-17 01:30:30,0.3020887333746885,0,安全,绿色,无,无,0,,,,,,,,,,,,,,,,,,,,
2025-05-17 01:31:00,0.3550335823918661,0,安全,绿色,无,无,0,,,,,,,,,,,,,,,,,,,,
2025-05-17 01:31:30,0.3240119373126837,0,安全,绿色,无,无,0,,,,,,,,,,,,,,,,,,,,
2025-05-17 01:32:00,0.3015188267498216,0,安全,绿色,无,无,0,,,,,,,,,,,,,,,,,,,,
2025-05-17 01:32:30,0.4291436092866056,0,安全,绿色,无,无,0,,,,,,,,,,,,,,,,,,,,
2025-05-17 01:33:00,0.273146072961698,0,安全,绿色,无,无,0,,,,,,,,,,,,,,,,,,,,
2025-05-17 01:33:30,0.2516056146226469,0,安全,绿色,无,无,0,,,,,,,,,,,,,,,,,,,,
2025-05-17 01:34:00,0.3024909842077335,0,安全,绿色,无,无,0,,,,,,,,,,,,,,,,,,,,
2025-05-17 01:34:30,0.3933445909451812,0,安全,绿色,无,无,0,,,,,,,,,,,,,,,,,,,,
2025-05-17 01:35:00,0.2841168377899216,0,安全,绿色,无,无,0,,,,,,,,,,,,,,,,,,,,
2025-05-17 01:35:30,0.291740920175497,0,安全,绿色,无,无,0,,,,,,,,,,,,,,,,,,,,
2025-05-17 01:36:00,0.3396233432430956,0,安全,绿色,无,无,0,,,,,,,,,,,,,,,,,,,,
2025-05-17 01:36:30,0.95804016847813,1,警告,黄色,轧制区,轧制区_力传感器_轧制力,1,轧制区_力传感器_轧制力,轧制力异常,轧制力偏离预期值，可能设备或工艺异常,轧制力和轧制速度变化会影响成品厚度/宽度，进而影响热处理参数,检查轧机状态，调整轧制参数,,,,,,,,,,,,,,,
2025-05-17 01:37:00,0.3309231577876073,0,安全,绿色,无,无,0,,,,,,,,,,,,,,,,,,,,
2025-05-17 01:37:30,0.2817304100361325,0,安全,绿色,无,无,0,,,,,,,,,,,,,,,,,,,,
2025-05-17 01:38:00,0.2429047899547319,0,安全,绿色,无,无,0,,,,,,,,,,,,,,,,,,,,
2025-05-17 01:38:30,0.269832412437783,0,安全,绿色,无,无,0,,,,,,,,,,,,,,,,,,,,
2025-05-17 01:39:00,0.3251416518909547,0,安全,绿色,无,无,0,,,,,,,,,,,,,,,,,,,,
2025-05-17 01:39:30,0.3082883078912888,0,安全,绿色,无,无,0,,,,,,,,,,,,,,,,,,,,
2025-05-17 01:40:00,0.3272280919427868,0,安全,绿色,无,无,0,,,,,,,,,,,,,,,,,,,,
2025-05-17 01:40:30,0.3111192247759342,0,安全,绿色,无,无,0,,,,,,,,,,,,,,,,,,,,
2025-05-17 01:41:00,0.3100242079899672,0,安全,绿色,无,无,0,,,,,,,,,,,,,,,,,,,,
2025-05-17 01:41:30,0.3130283114608314,0,安全,绿色,无,无,0,,,,,,,,,,,,,,,,,,,,
2025-05-17 01:42:00,0.2955545305431879,0,安全,绿色,无,无,0,,,,,,,,,,,,,,,,,,,,
2025-05-17 01:42:30,0.3326992759214885,0,安全,绿色,无,无,0,,,,,,,,,,,,,,,,,,,,
2025-05-17 01:43:00,0.3549777121543999,0,安全,绿色,无,无,0,,,,,,,,,,,,,,,,,,,,
2025-05-17 01:43:30,0.2998285502869532,0,安全,绿色,无,无,0,,,,,,,,,,,,,,,,,,,,
2025-05-17 01:44:00,0.3222344295937832,0,安全,绿色,无,无,0,,,,,,,,,,,,,,,,,,,,
2025-05-17 01:44:30,0.3974441661006332,0,安全,绿色,无,无,0,,,,,,,,,,,,,,,,,,,,
2025-05-17 01:45:00,0.3499454970358956,0,安全,绿色,无,无,0,,,,,,,,,,,,,,,,,,,,
2025-05-17 01:45:30,0.3330176942217826,0,安全,绿色,无,无,0,,,,,,,,,,,,,,,,,,,,
2025-05-17 01:46:00,0.3244750328732069,0,安全,绿色,无,无,0,,,,,,,,,,,,,,,,,,,,
2025-05-17 01:46:30,0.3512248524371975,0,安全,绿色,无,无,0,,,,,,,,,,,,,,,,,,,,
2025-05-17 01:47:00,0.3624344565546454,0,安全,绿色,无,无,0,,,,,,,,,,,,,,,,,,,,
2025-05-17 01:47:30,0.311774239940069,0,安全,绿色,无,无,0,,,,,,,,,,,,,,,,,,,,
2025-05-17 01:48:00,0.387497843170172,0,安全,绿色,无,无,0,,,,,,,,,,,,,,,,,,,,
2025-05-17 01:48:30,0.4219380214575944,0,安全,绿色,无,无,0,,,,,,,,,,,,,,,,,,,,
2025-05-17 01:49:00,0.4436680642213048,0,安全,绿色,无,无,0,,,,,,,,,,,,,,,,,,,,
2025-05-17 01:49:30,0.4508164651175017,0,安全,绿色,无,无,0,,,,,,,,,,,,,,,,,,,,
2025-05-17 01:50:00,0.4240020398281676,0,安全,绿色,无,无,0,,,,,,,,,,,,,,,,,,,,
2025-05-17 01:50:30,0.303759122958076,0,安全,绿色,无,无,0,,,,,,,,,,,,,,,,,,,,
2025-05-17 01:51:00,0.3351296523904319,0,安全,绿色,无,无,0,,,,,,,,,,,,,,,,,,,,
2025-05-17 01:51:30,0.3426236774848348,0,安全,绿色,无,无,0,,,,,,,,,,,,,,,,,,,,
2025-05-17 01:52:00,0.3093330088639303,0,安全,绿色,无,无,0,,,,,,,,,,,,,,,,,,,,
2025-05-17 01:52:30,0.3716587116724505,0,安全,绿色,无,无,0,,,,,,,,,,,,,,,,,,,,
2025-05-17 01:53:00,0.3137092346568187,0,安全,绿色,无,无,0,,,,,,,,,,,,,,,,,,,,
2025-05-17 01:53:30,0.3733534686400241,0,安全,绿色,无,无,0,,,,,,,,,,,,,,,,,,,,
2025-05-17 01:54:00,0.2914778815007575,0,安全,绿色,无,无,0,,,,,,,,,,,,,,,,,,,,
2025-05-17 01:54:30,0.3355813419910118,0,安全,绿色,无,无,0,,,,,,,,,,,,,,,,,,,,
2025-05-17 01:55:00,0.3160062098808645,0,安全,绿色,无,无,0,,,,,,,,,,,,,,,,,,,,
2025-05-17 01:55:30,1.049067105918552,1,警告,黄色,轧制区,轧制区_力传感器_轧制力,1,轧制区_力传感器_轧制力,轧制力异常,轧制力偏离预期值，可能设备或工艺异常,轧制力和轧制速度变化会影响成品厚度/宽度，进而影响热处理参数,检查轧机状态，调整轧制参数,,,,,,,,,,,,,,,
2025-05-17 01:56:00,0.3319108007010237,0,安全,绿色,无,无,0,,,,,,,,,,,,,,,,,,,,
2025-05-17 01:56:30,0.351939978086319,0,安全,绿色,无,无,0,,,,,,,,,,,,,,,,,,,,
2025-05-17 01:57:00,0.2776458515871786,0,安全,绿色,无,无,0,,,,,,,,,,,,,,,,,,,,
2025-05-17 01:57:30,0.3732709182898021,0,安全,绿色,无,无,0,,,,,,,,,,,,,,,,,,,,
2025-05-17 01:58:00,0.2989357989520869,0,安全,绿色,无,无,0,,,,,,,,,,,,,,,,,,,,
2025-05-17 01:58:30,0.3319108007010237,0,安全,绿色,无,无,0,,,,,,,,,,,,,,,,,,,,
2025-05-17 01:59:00,0.3472169806003405,0,安全,绿色,无,无,0,,,,,,,,,,,,,,,,,,,,
2025-05-17 01:59:30,0.3204589158706757,0,安全,绿色,无,无,0,,,,,,,,,,,,,,,,,,,,
2025-05-17 02:00:00,0.2932540193389023,0,安全,绿色,无,无,0,,,,,,,,,,,,,,,,,,,,
2025-05-17 02:00:30,0.3852301603973291,0,安全,绿色,无,无,0,,,,,,,,,,,,,,,,,,,,
2025-05-17 02:01:00,0.3314342071245787,0,安全,绿色,无,无,0,,,,,,,,,,,,,,,,,,,,
2025-05-17 02:01:30,0.3237020699495653,0,安全,绿色,无,无,0,,,,,,,,,,,,,,,,,,,,
2025-05-17 02:02:00,0.3011107301355594,0,安全,绿色,无,无,0,,,,,,,,,,,,,,,,,,,,
2025-05-17 02:02:30,0.3205077906468621,0,安全,绿色,无,无,0,,,,,,,,,,,,,,,,,,,,
2025-05-17 02:03:00,0.3252982400805345,0,安全,绿色,无,无,0,,,,,,,,,,,,,,,,,,,,
2025-05-17 02:03:30,0.3048372697612884,0,安全,绿色,无,无,0,,,,,,,,,,,,,,,,,,,,
2025-05-17 02:04:00,0.2992665835969886,0,安全,绿色,无,无,0,,,,,,,,,,,,,,,,,,,,
2025-05-17 02:04:30,0.3129670800873738,0,安全,绿色,无,无,0,,,,,,,,,,,,,,,,,,,,
2025-05-17 02:05:00,0.3095202937285757,0,安全,绿色,无,无,0,,,,,,,,,,,,,,,,,,,,
2025-05-17 02:05:30,0.3483668586448841,0,安全,绿色,无,无,0,,,,,,,,,,,,,,,,,,,,
2025-05-17 02:06:00,0.3130316735410938,0,安全,绿色,无,无,0,,,,,,,,,,,,,,,,,,,,
2025-05-17 02:06:30,0.2796929656690682,0,安全,绿色,无,无,0,,,,,,,,,,,,,,,,,,,,
2025-05-17 02:07:00,0.2796929656690682,0,安全,绿色,无,无,0,,,,,,,,,,,,,,,,,,,,
2025-05-17 02:07:30,0.2486386636384419,0,安全,绿色,无,无,0,,,,,,,,,,,,,,,,,,,,
2025-05-17 02:08:00,0.2552412486637553,0,安全,绿色,无,无,0,,,,,,,,,,,,,,,,,,,,
2025-05-17 02:08:30,0.3136970367674333,0,安全,绿色,无,无,0,,,,,,,,,,,,,,,,,,,,
2025-05-17 02:09:00,0.2569926037193333,0,安全,绿色,无,无,0,,,,,,,,,,,,,,,,,,,,
2025-05-17 02:09:30,0.2259472613275357,0,安全,绿色,无,无,0,,,,,,,,,,,,,,,,,,,,
2025-05-17 02:10:00,0.2732451752513294,0,安全,绿色,无,无,0,,,,,,,,,,,,,,,,,,,,
2025-05-17 02:10:30,0.2513935986212677,0,安全,绿色,无,无,0,,,,,,,,,,,,,,,,,,,,
2025-05-17 02:11:00,0.2909879397417048,0,安全,绿色,无,无,0,,,,,,,,,,,,,,,,,,,,
2025-05-17 02:11:30,0.3581287129854312,0,安全,绿色,无,无,0,,,,,,,,,,,,,,,,,,,,
2025-05-17 02:12:00,0.356542898388558,0,安全,绿色,无,无,0,,,,,,,,,,,,,,,,,,,,
2025-05-17 02:12:30,0.2683547212524638,0,安全,绿色,无,无,0,,,,,,,,,,,,,,,,,,,,
2025-05-17 02:13:00,0.3464023170365148,0,安全,绿色,无,无,0,,,,,,,,,,,,,,,,,,,,
2025-05-17 02:13:30,0.3683302107736884,0,安全,绿色,无,无,0,,,,,,,,,,,,,,,,,,,,
2025-05-17 02:14:00,0.3530735603647542,0,安全,绿色,无,无,0,,,,,,,,,,,,,,,,,,,,
2025-05-17 02:14:30,0.2846492694563466,0,安全,绿色,无,无,0,,,,,,,,,,,,,,,,,,,,
2025-05-17 02:15:00,1.0996954723461287,1,警告,黄色,轧制区,轧制区_力传感器_轧制力,1,轧制区_力传感器_轧制力,轧制力异常,轧制力偏离预期值，可能设备或工艺异常,轧制力和轧制速度变化会影响成品厚度/宽度，进而影响热处理参数,检查轧机状态，调整轧制参数,,,,,,,,,,,,,,,
2025-05-17 02:15:30,0.4024402254360948,0,安全,绿色,无,无,0,,,,,,,,,,,,,,,,,,,,
2025-05-17 02:16:00,0.4162936389922917,0,安全,绿色,无,无,0,,,,,,,,,,,,,,,,,,,,
2025-05-17 02:16:30,0.4393619013726576,0,安全,绿色,无,无,0,,,,,,,,,,,,,,,,,,,,
2025-05-17 02:17:00,0.4220436010729176,0,安全,绿色,无,无,0,,,,,,,,,,,,,,,,,,,,
2025-05-17 02:17:30,0.4556990405594299,0,安全,绿色,无,无,0,,,,,,,,,,,,,,,,,,,,
2025-05-17 02:18:00,0.4797268639426731,0,安全,绿色,无,无,0,,,,,,,,,,,,,,,,,,,,
2025-05-17 02:18:30,0.4543894401604186,0,安全,绿色,无,无,0,,,,,,,,,,,,,,,,,,,,
2025-05-17 02:19:00,0.4805164005206419,0,安全,绿色,无,无,0,,,,,,,,,,,,,,,,,,,,
2025-05-17 02:19:30,0.5254319635665371,0,安全,绿色,无,无,0,,,,,,,,,,,,,,,,,,,,
2025-05-17 02:20:00,0.5015833079431783,0,安全,绿色,无,无,0,,,,,,,,,,,,,,,,,,,,
2025-05-17 02:20:30,0.4159326907156685,0,安全,绿色,无,无,0,,,,,,,,,,,,,,,,,,,,
2025-05-17 02:21:00,0.5148731594578402,0,安全,绿色,无,无,0,,,,,,,,,,,,,,,,,,,,
2025-05-17 02:21:30,0.3438113036102157,0,安全,绿色,无,无,0,,,,,,,,,,,,,,,,,,,,
2025-05-17 02:22:00,0.4320051439646086,0,安全,绿色,无,无,0,,,,,,,,,,,,,,,,,,,,
2025-05-17 02:22:30,0.4159326907156685,0,安全,绿色,无,无,0,,,,,,,,,,,,,,,,,,,,
2025-05-17 02:23:00,0.330027335510235,0,安全,绿色,无,无,0,,,,,,,,,,,,,,,,,,,,
2025-05-17 02:23:30,0.3604657840210843,0,安全,绿色,无,无,0,,,,,,,,,,,,,,,,,,,,
2025-05-17 02:24:00,0.3220125888241618,0,安全,绿色,无,无,0,,,,,,,,,,,,,,,,,,,,
2025-05-17 02:24:30,0.3818177757438867,0,安全,绿色,无,无,0,,,,,,,,,,,,,,,,,,,,
2025-05-17 02:25:00,0.3877317795061138,0,安全,绿色,无,无,0,,,,,,,,,,,,,,,,,,,,
2025-05-17 02:25:30,0.3604657840210843,0,安全,绿色,无,无,0,,,,,,,,,,,,,,,,,,,,
2025-05-17 02:26:00,0.3708887402823961,0,安全,绿色,无,无,0,,,,,,,,,,,,,,,,,,,,
2025-05-17 02:26:30,0.3539609355019368,0,安全,绿色,无,无,0,,,,,,,,,,,,,,,,,,,,
2025-05-17 02:27:00,0.324810947947247,0,安全,绿色,无,无,0,,,,,,,,,,,,,,,,,,,,
2025-05-17 02:27:30,0.402570040788604,0,安全,绿色,无,无,0,,,,,,,,,,,,,,,,,,,,
2025-05-17 02:28:00,0.3193955390715851,0,安全,绿色,无,无,0,,,,,,,,,,,,,,,,,,,,
2025-05-17 02:28:30,0.3435720004907162,0,安全,绿色,无,无,0,,,,,,,,,,,,,,,,,,,,
2025-05-17 02:29:00,0.2839451495302377,0,安全,绿色,无,无,0,,,,,,,,,,,,,,,,,,,,
2025-05-17 02:29:30,0.3549730818613921,0,安全,绿色,无,无,0,,,,,,,,,,,,,,,,,,,,
2025-05-17 02:30:00,0.3193955390715851,0,安全,绿色,无,无,0,,,,,,,,,,,,,,,,,,,,
2025-05-17 02:30:30,0.3215956207448803,0,安全,绿色,无,无,0,,,,,,,,,,,,,,,,,,,,
2025-05-17 02:31:00,0.3359276910350655,0,安全,绿色,无,无,0,,,,,,,,,,,,,,,,,,,,
2025-05-17 02:31:30,0.314844867163061,0,安全,绿色,无,无,0,,,,,,,,,,,,,,,,,,,,
2025-05-17 02:32:00,0.3449360972871931,0,安全,绿色,无,无,0,,,,,,,,,,,,,,,,,,,,
2025-05-17 02:32:30,0.3395533978433228,0,安全,绿色,无,无,0,,,,,,,,,,,,,,,,,,,,
2025-05-17 02:33:00,0.3412002675978581,0,安全,绿色,无,无,0,,,,,,,,,,,,,,,,,,,,
2025-05-17 02:33:30,0.3722247414126708,0,安全,绿色,无,无,0,,,,,,,,,,,,,,,,,,,,
2025-05-17 02:34:00,0.3555671534766612,0,安全,绿色,无,无,0,,,,,,,,,,,,,,,,,,,,
2025-05-17 02:34:30,0.4407715004077155,0,安全,绿色,无,无,0,,,,,,,,,,,,,,,,,,,,
2025-05-17 02:35:00,0.3845518947400956,0,安全,绿色,无,无,0,,,,,,,,,,,,,,,,,,,,
2025-05-17 02:35:30,0.4708751077902507,0,安全,绿色,无,无,0,,,,,,,,,,,,,,,,,,,,
2025-05-17 02:36:00,0.3780300633266783,0,安全,绿色,无,无,0,,,,,,,,,,,,,,,,,,,,
2025-05-17 02:36:30,0.4316500479410523,0,安全,绿色,无,无,0,,,,,,,,,,,,,,,,,,,,
2025-05-17 02:37:00,0.3527697249084238,0,安全,绿色,无,无,0,,,,,,,,,,,,,,,,,,,,
2025-05-17 02:37:30,0.3787548679094324,0,安全,绿色,无,无,0,,,,,,,,,,,,,,,,,,,,
2025-05-17 02:38:00,0.382605768113391,0,安全,绿色,无,无,0,,,,,,,,,,,,,,,,,,,,
2025-05-17 02:38:30,0.3694536399338559,0,安全,绿色,无,无,0,,,,,,,,,,,,,,,,,,,,
2025-05-17 02:39:00,0.4510638787809899,0,安全,绿色,无,无,0,,,,,,,,,,,,,,,,,,,,
2025-05-17 02:39:30,0.3393986042329945,0,安全,绿色,无,无,0,,,,,,,,,,,,,,,,,,,,
2025-05-17 02:40:00,0.4149291283641658,0,安全,绿色,无,无,0,,,,,,,,,,,,,,,,,,,,
2025-05-17 02:40:30,0.3689573089197536,0,安全,绿色,无,无,0,,,,,,,,,,,,,,,,,,,,
2025-05-17 02:41:00,0.3024889586630349,0,安全,绿色,无,无,0,,,,,,,,,,,,,,,,,,,,
2025-05-17 02:41:30,0.3313311548169009,0,安全,绿色,无,无,0,,,,,,,,,,,,,,,,,,,,
2025-05-17 02:42:00,0.3191256220381328,0,安全,绿色,无,无,0,,,,,,,,,,,,,,,,,,,,
2025-05-17 02:42:30,0.4379243355673171,0,安全,绿色,无,无,0,,,,,,,,,,,,,,,,,,,,
2025-05-17 02:43:00,0.31364233785787,0,安全,绿色,无,无,0,,,,,,,,,,,,,,,,,,,,
2025-05-17 02:43:30,0.335407567180376,0,安全,绿色,无,无,0,,,,,,,,,,,,,,,,,,,,
2025-05-17 02:44:00,0.3577301081861155,0,安全,绿色,无,无,0,,,,,,,,,,,,,,,,,,,,
2025-05-17 02:44:30,0.2655787886443154,0,安全,绿色,无,无,0,,,,,,,,,,,,,,,,,,,,
2025-05-17 02:45:00,0.2803937016006391,0,安全,绿色,无,无,0,,,,,,,,,,,,,,,,,,,,
2025-05-17 02:45:30,0.2655787886443154,0,安全,绿色,无,无,0,,,,,,,,,,,,,,,,,,,,
2025-05-17 02:46:00,0.3991954215519515,0,安全,绿色,无,无,0,,,,,,,,,,,,,,,,,,,,
2025-05-17 02:46:30,0.2812792296526538,0,安全,绿色,无,无,0,,,,,,,,,,,,,,,,,,,,
2025-05-17 02:47:00,0.3157878096595872,0,安全,绿色,无,无,0,,,,,,,,,,,,,,,,,,,,
2025-05-17 02:47:30,0.2385485430886378,0,安全,绿色,无,无,0,,,,,,,,,,,,,,,,,,,,
2025-05-17 02:48:00,0.3190442304540224,0,安全,绿色,无,无,0,,,,,,,,,,,,,,,,,,,,
2025-05-17 02:48:30,0.3231245440846849,0,安全,绿色,无,无,0,,,,,,,,,,,,,,,,,,,,
2025-05-17 02:49:00,0.3800005212154301,0,安全,绿色,无,无,0,,,,,,,,,,,,,,,,,,,,
2025-05-17 02:49:30,0.2364427005059278,0,安全,绿色,无,无,0,,,,,,,,,,,,,,,,,,,,
2025-05-17 02:50:00,0.2720833867185383,0,安全,绿色,无,无,0,,,,,,,,,,,,,,,,,,,,
2025-05-17 02:50:30,0.3287062211520473,0,安全,绿色,无,无,0,,,,,,,,,,,,,,,,,,,,
2025-05-17 02:51:00,0.2444438164439032,0,安全,绿色,无,无,0,,,,,,,,,,,,,,,,,,,,
2025-05-17 02:51:30,0.2734726173683822,0,安全,绿色,无,无,0,,,,,,,,,,,,,,,,,,,,
2025-05-17 02:52:00,0.2600538024267273,0,安全,绿色,无,无,0,,,,,,,,,,,,,,,,,,,,
2025-05-17 02:52:30,0.2646661637489197,0,安全,绿色,无,无,0,,,,,,,,,,,,,,,,,,,,
2025-05-17 02:53:00,0.2646661637489197,0,安全,绿色,无,无,0,,,,,,,,,,,,,,,,,,,,
2025-05-17 02:53:30,0.3598731576678833,0,安全,绿色,无,无,0,,,,,,,,,,,,,,,,,,,,
2025-05-17 02:54:00,0.3352420732112182,0,安全,绿色,无,无,0,,,,,,,,,,,,,,,,,,,,
2025-05-17 02:54:30,0.3757669397863434,0,安全,绿色,无,无,0,,,,,,,,,,,,,,,,,,,,
2025-05-17 02:55:00,0.3778402058533277,0,安全,绿色,无,无,0,,,,,,,,,,,,,,,,,,,,
2025-05-17 02:55:30,0.3908990329544448,0,安全,绿色,无,无,0,,,,,,,,,,,,,,,,,,,,
2025-05-17 02:56:00,0.3640043867313268,0,安全,绿色,无,无,0,,,,,,,,,,,,,,,,,,,,
2025-05-17 02:56:30,1.0553981851007304,1,警告,黄色,轧制区,轧制区_力传感器_轧制力,1,轧制区_力传感器_轧制力,轧制力异常,轧制力偏离预期值，可能设备或工艺异常,轧制力和轧制速度变化会影响成品厚度/宽度，进而影响热处理参数,检查轧机状态，调整轧制参数,,,,,,,,,,,,,,,
2025-05-17 02:57:00,0.4572246436522981,0,安全,绿色,无,无,0,,,,,,,,,,,,,,,,,,,,
2025-05-17 02:57:30,0.3721862346677185,0,安全,绿色,无,无,0,,,,,,,,,,,,,,,,,,,,
2025-05-17 02:58:00,0.3544125334405337,0,安全,绿色,无,无,0,,,,,,,,,,,,,,,,,,,,
2025-05-17 02:58:30,0.3432775969656184,0,安全,绿色,无,无,0,,,,,,,,,,,,,,,,,,,,
2025-05-17 02:59:00,0.3432775969656184,0,安全,绿色,无,无,0,,,,,,,,,,,,,,,,,,,,
2025-05-17 02:59:30,0.4048365563512438,0,安全,绿色,无,无,0,,,,,,,,,,,,,,,,,,,,
2025-05-17 03:00:00,0.694099997745851,0,安全,绿色,无,无,0,,,,,,,,,,,,,,,,,,,,
2025-05-17 03:00:30,0.3531645584521714,0,安全,绿色,无,无,0,,,,,,,,,,,,,,,,,,,,
2025-05-17 03:01:00,0.3559255901813073,0,安全,绿色,无,无,0,,,,,,,,,,,,,,,,,,,,
2025-05-17 03:01:30,0.3142552114988192,0,安全,绿色,无,无,0,,,,,,,,,,,,,,,,,,,,
2025-05-17 03:02:00,0.2816795178659222,0,安全,绿色,无,无,0,,,,,,,,,,,,,,,,,,,,
2025-05-17 03:02:30,0.2645173537273918,0,安全,绿色,无,无,0,,,,,,,,,,,,,,,,,,,,
2025-05-17 03:03:00,0.4377063198005648,0,安全,绿色,无,无,0,,,,,,,,,,,,,,,,,,,,
2025-05-17 03:03:30,0.3027910909339396,0,安全,绿色,无,无,0,,,,,,,,,,,,,,,,,,,,
2025-05-17 03:04:00,0.3290890372612373,0,安全,绿色,无,无,0,,,,,,,,,,,,,,,,,,,,
2025-05-17 03:04:30,0.2890913738282671,0,安全,绿色,无,无,0,,,,,,,,,,,,,,,,,,,,
2025-05-17 03:05:00,0.245669691046324,0,安全,绿色,无,无,0,,,,,,,,,,,,,,,,,,,,
2025-05-17 03:05:30,0.2669505751951355,0,安全,绿色,无,无,0,,,,,,,,,,,,,,,,,,,,
2025-05-17 03:06:00,0.2816795178659222,0,安全,绿色,无,无,0,,,,,,,,,,,,,,,,,,,,
2025-05-17 03:06:30,0.2351438316122902,0,安全,绿色,无,无,0,,,,,,,,,,,,,,,,,,,,
2025-05-17 03:07:00,0.3293821096688857,0,安全,绿色,无,无,0,,,,,,,,,,,,,,,,,,,,
2025-05-17 03:07:30,0.2723215220164688,0,安全,绿色,无,无,0,,,,,,,,,,,,,,,,,,,,
2025-05-17 03:08:00,0.3808217604387963,0,安全,绿色,无,无,0,,,,,,,,,,,,,,,,,,,,
2025-05-17 03:08:30,0.3540633153838455,0,安全,绿色,无,无,0,,,,,,,,,,,,,,,,,,,,
2025-05-17 03:09:00,0.3678304806836206,0,安全,绿色,无,无,0,,,,,,,,,,,,,,,,,,,,
2025-05-17 03:09:30,0.3446729956433825,0,安全,绿色,无,无,0,,,,,,,,,,,,,,,,,,,,
2025-05-17 03:10:00,0.3173705838522005,0,安全,绿色,无,无,0,,,,,,,,,,,,,,,,,,,,
2025-05-17 03:10:30,0.4232664526325017,0,安全,绿色,无,无,0,,,,,,,,,,,,,,,,,,,,
2025-05-17 03:11:00,0.2953456912767241,0,安全,绿色,无,无,0,,,,,,,,,,,,,,,,,,,,
2025-05-17 03:11:30,0.2833445437195654,0,安全,绿色,无,无,0,,,,,,,,,,,,,,,,,,,,
2025-05-17 03:12:00,0.3300927703546122,0,安全,绿色,无,无,0,,,,,,,,,,,,,,,,,,,,
2025-05-17 03:12:30,0.307975946125091,0,安全,绿色,无,无,0,,,,,,,,,,,,,,,,,,,,
2025-05-17 03:13:00,0.4157885384228199,0,安全,绿色,无,无,0,,,,,,,,,,,,,,,,,,,,
2025-05-17 03:13:30,0.2931169455892238,0,安全,绿色,无,无,0,,,,,,,,,,,,,,,,,,,,
2025-05-17 03:14:00,0.3338261586432821,0,安全,绿色,无,无,0,,,,,,,,,,,,,,,,,,,,
2025-05-17 03:14:30,0.61438417779068,0,安全,绿色,无,无,0,,,,,,,,,,,,,,,,,,,,
2025-05-17 03:15:00,0.5283577880125137,0,安全,绿色,无,无,0,,,,,,,,,,,,,,,,,,,,
2025-05-17 03:15:30,0.545104581966506,0,安全,绿色,无,无,0,,,,,,,,,,,,,,,,,,,,
2025-05-17 03:16:00,0.509697760067918,0,安全,绿色,无,无,0,,,,,,,,,,,,,,,,,,,,
2025-05-17 03:16:30,0.5005940805861981,0,安全,绿色,无,无,0,,,,,,,,,,,,,,,,,,,,
2025-05-17 03:17:00,0.5113231606447913,0,安全,绿色,无,无,0,,,,,,,,,,,,,,,,,,,,
2025-05-17 03:17:30,0.4197385478208645,0,安全,绿色,无,无,0,,,,,,,,,,,,,,,,,,,,
2025-05-17 03:18:00,0.4836903450206337,0,安全,绿色,无,无,0,,,,,,,,,,,,,,,,,,,,
2025-05-17 03:18:30,1.0706325564221428,1,警告,黄色,轧制区,轧制区_力传感器_轧制力,1,轧制区_力传感器_轧制力,轧制力异常,轧制力偏离预期值，可能设备或工艺异常,轧制力和轧制速度变化会影响成品厚度/宽度，进而影响热处理参数,检查轧机状态，调整轧制参数,,,,,,,,,,,,,,,
2025-05-17 03:19:00,0.4485859240990907,0,安全,绿色,无,无,0,,,,,,,,,,,,,,,,,,,,
2025-05-17 03:19:30,0.3929498762326112,0,安全,绿色,无,无,0,,,,,,,,,,,,,,,,,,,,
2025-05-17 03:20:00,0.3712415340694051,0,安全,绿色,无,无,0,,,,,,,,,,,,,,,,,,,,
2025-05-17 03:20:30,0.4732627211950899,0,安全,绿色,无,无,0,,,,,,,,,,,,,,,,,,,,
2025-05-17 03:21:00,0.3849798069936564,0,安全,绿色,无,无,0,,,,,,,,,,,,,,,,,,,,
2025-05-17 03:21:30,0.343256634120438,0,安全,绿色,无,无,0,,,,,,,,,,,,,,,,,,,,
2025-05-17 03:22:00,0.343256634120438,0,安全,绿色,无,无,0,,,,,,,,,,,,,,,,,,,,
2025-05-17 03:22:30,0.3459796174831474,0,安全,绿色,无,无,0,,,,,,,,,,,,,,,,,,,,
2025-05-17 03:23:00,0.3011994324187554,0,安全,绿色,无,无,0,,,,,,,,,,,,,,,,,,,,
2025-05-17 03:23:30,0.3909142617369095,0,安全,绿色,无,无,0,,,,,,,,,,,,,,,,,,,,
2025-05-17 03:24:00,0.3394927490700701,0,安全,绿色,无,无,0,,,,,,,,,,,,,,,,,,,,
2025-05-17 03:24:30,0.2920298707467336,0,安全,绿色,无,无,0,,,,,,,,,,,,,,,,,,,,
2025-05-17 03:25:00,0.3900926843160512,0,安全,绿色,无,无,0,,,,,,,,,,,,,,,,,,,,
2025-05-17 03:25:30,0.3139046877571925,0,安全,绿色,无,无,0,,,,,,,,,,,,,,,,,,,,
2025-05-17 03:26:00,0.3023530856417108,0,安全,绿色,无,无,0,,,,,,,,,,,,,,,,,,,,
2025-05-17 03:26:30,0.2888486939478552,0,安全,绿色,无,无,0,,,,,,,,,,,,,,,,,,,,
2025-05-17 03:27:00,0.4129701236519265,0,安全,绿色,无,无,0,,,,,,,,,,,,,,,,,,,,
2025-05-17 03:27:30,0.3011856342694303,0,安全,绿色,无,无,0,,,,,,,,,,,,,,,,,,,,
2025-05-17 03:28:00,0.2896861568454278,0,安全,绿色,无,无,0,,,,,,,,,,,,,,,,,,,,
2025-05-17 03:28:30,0.3354857965082248,0,安全,绿色,无,无,0,,,,,,,,,,,,,,,,,,,,
2025-05-17 03:29:00,0.2896861568454278,0,安全,绿色,无,无,0,,,,,,,,,,,,,,,,,,,,
2025-05-17 03:29:30,0.3324180302812367,0,安全,绿色,无,无,0,,,,,,,,,,,,,,,,,,,,
2025-05-17 03:30:00,0.3308071278595736,0,安全,绿色,无,无,0,,,,,,,,,,,,,,,,,,,,
2025-05-17 03:30:30,0.3194879184904546,0,安全,绿色,无,无,0,,,,,,,,,,,,,,,,,,,,
2025-05-17 03:31:00,0.4073051826312827,0,安全,绿色,无,无,0,,,,,,,,,,,,,,,,,,,,
2025-05-17 03:31:30,0.2844990638046327,0,安全,绿色,无,无,0,,,,,,,,,,,,,,,,,,,,
2025-05-17 03:32:00,0.372703723735694,0,安全,绿色,无,无,0,,,,,,,,,,,,,,,,,,,,
2025-05-17 03:32:30,0.3872060313221919,0,安全,绿色,无,无,0,,,,,,,,,,,,,,,,,,,,
2025-05-17 03:33:00,0.3541333816253097,0,安全,绿色,无,无,0,,,,,,,,,,,,,,,,,,,,
2025-05-17 03:33:30,0.3329823047082479,0,安全,绿色,无,无,0,,,,,,,,,,,,,,,,,,,,
2025-05-17 03:34:00,0.3488068971813864,0,安全,绿色,无,无,0,,,,,,,,,,,,,,,,,,,,
2025-05-17 03:34:30,0.2939340824342035,0,安全,绿色,无,无,0,,,,,,,,,,,,,,,,,,,,
2025-05-17 03:35:00,0.4084350408739506,0,安全,绿色,无,无,0,,,,,,,,,,,,,,,,,,,,
2025-05-17 03:35:30,0.3513594330941563,0,安全,绿色,无,无,0,,,,,,,,,,,,,,,,,,,,
2025-05-17 03:36:00,0.2637026344688913,0,安全,绿色,无,无,0,,,,,,,,,,,,,,,,,,,,
2025-05-17 03:36:30,0.3124569854170414,0,安全,绿色,无,无,0,,,,,,,,,,,,,,,,,,,,
2025-05-17 03:37:00,0.27831065887137,0,安全,绿色,无,无,0,,,,,,,,,,,,,,,,,,,,
2025-05-17 03:37:30,0.3116573976991764,0,安全,绿色,无,无,0,,,,,,,,,,,,,,,,,,,,
2025-05-17 03:38:00,0.3092643955766253,0,安全,绿色,无,无,0,,,,,,,,,,,,,,,,,,,,
2025-05-17 03:38:30,0.3224735367599641,0,安全,绿色,无,无,0,,,,,,,,,,,,,,,,,,,,
2025-05-17 03:39:00,0.2706029067084562,0,安全,绿色,无,无,0,,,,,,,,,,,,,,,,,,,,
2025-05-17 03:39:30,0.334379430972593,0,安全,绿色,无,无,0,,,,,,,,,,,,,,,,,,,,
2025-05-17 03:40:00,0.3500507693544839,0,安全,绿色,无,无,0,,,,,,,,,,,,,,,,,,,,
2025-05-17 03:40:30,1.066463400661693,1,警告,黄色,轧制区,轧制区_力传感器_轧制力,1,轧制区_力传感器_轧制力,轧制力异常,轧制力偏离预期值，可能设备或工艺异常,轧制力和轧制速度变化会影响成品厚度/宽度，进而影响热处理参数,检查轧机状态，调整轧制参数,,,,,,,,,,,,,,,
2025-05-17 03:41:00,0.3833044053673156,0,安全,绿色,无,无,0,,,,,,,,,,,,,,,,,,,,
2025-05-17 03:41:30,0.3954257102574815,0,安全,绿色,无,无,0,,,,,,,,,,,,,,,,,,,,
2025-05-17 03:42:00,0.381259795065942,0,安全,绿色,无,无,0,,,,,,,,,,,,,,,,,,,,
2025-05-17 03:42:30,0.307212835411399,0,安全,绿色,无,无,0,,,,,,,,,,,,,,,,,,,,
2025-05-17 03:43:00,0.3404070394992837,0,安全,绿色,无,无,0,,,,,,,,,,,,,,,,,,,,
2025-05-17 03:43:30,0.3598697799248492,0,安全,绿色,无,无,0,,,,,,,,,,,,,,,,,,,,
2025-05-17 03:44:00,0.3614250307426363,0,安全,绿色,无,无,0,,,,,,,,,,,,,,,,,,,,
2025-05-17 03:44:30,0.288677868042496,0,安全,绿色,无,无,0,,,,,,,,,,,,,,,,,,,,
2025-05-17 03:45:00,0.3159366745963564,0,安全,绿色,无,无,0,,,,,,,,,,,,,,,,,,,,
2025-05-17 03:45:30,0.4976694438039423,0,安全,绿色,无,无,0,,,,,,,,,,,,,,,,,,,,
2025-05-17 03:46:00,0.5436895095841879,0,安全,绿色,无,无,0,,,,,,,,,,,,,,,,,,,,
2025-05-17 03:46:30,0.5173505342584235,0,安全,绿色,无,无,0,,,,,,,,,,,,,,,,,,,,
2025-05-17 03:47:00,0.4731613337927641,0,安全,绿色,无,无,0,,,,,,,,,,,,,,,,,,,,
2025-05-17 03:47:30,0.4762935967823145,0,安全,绿色,无,无,0,,,,,,,,,,,,,,,,,,,,
2025-05-17 03:48:00,0.4410091505873217,0,安全,绿色,无,无,0,,,,,,,,,,,,,,,,,,,,
2025-05-17 03:48:30,0.4480831781115877,0,安全,绿色,无,无,0,,,,,,,,,,,,,,,,,,,,
2025-05-17 03:49:00,0.4067767677727171,0,安全,绿色,无,无,0,,,,,,,,,,,,,,,,,,,,
2025-05-17 03:49:30,0.5459228394720379,0,安全,绿色,无,无,0,,,,,,,,,,,,,,,,,,,,
2025-05-17 03:50:00,0.3326006277898416,0,安全,绿色,无,无,0,,,,,,,,,,,,,,,,,,,,
2025-05-17 03:50:30,0.3793629695194792,0,安全,绿色,无,无,0,,,,,,,,,,,,,,,,,,,,
2025-05-17 03:51:00,0.3477705541476884,0,安全,绿色,无,无,0,,,,,,,,,,,,,,,,,,,,
2025-05-17 03:51:30,0.4067767677727171,0,安全,绿色,无,无,0,,,,,,,,,,,,,,,,,,,,
2025-05-17 03:52:00,0.3658306315080792,0,安全,绿色,无,无,0,,,,,,,,,,,,,,,,,,,,
2025-05-17 03:52:30,0.3810736839298369,0,安全,绿色,无,无,0,,,,,,,,,,,,,,,,,,,,
2025-05-17 03:53:00,0.3893635131618896,0,安全,绿色,无,无,0,,,,,,,,,,,,,,,,,,,,
2025-05-17 03:53:30,0.3205778805386554,0,安全,绿色,无,无,0,,,,,,,,,,,,,,,,,,,,
2025-05-17 03:54:00,0.4523006470683333,0,安全,绿色,无,无,0,,,,,,,,,,,,,,,,,,,,
2025-05-17 03:54:30,0.3244978600611266,0,安全,绿色,无,无,0,,,,,,,,,,,,,,,,,,,,
2025-05-17 03:55:00,0.3769555686196875,0,安全,绿色,无,无,0,,,,,,,,,,,,,,,,,,,,
2025-05-17 03:55:30,0.293584705865324,0,安全,绿色,无,无,0,,,,,,,,,,,,,,,,,,,,
2025-05-17 03:56:00,0.3356738727780875,0,安全,绿色,无,无,0,,,,,,,,,,,,,,,,,,,,
2025-05-17 03:56:30,0.3283771769124426,0,安全,绿色,无,无,0,,,,,,,,,,,,,,,,,,,,
2025-05-17 03:57:00,0.4076744187923625,0,安全,绿色,无,无,0,,,,,,,,,,,,,,,,,,,,
2025-05-17 03:57:30,0.2775415801311421,0,安全,绿色,无,无,0,,,,,,,,,,,,,,,,,,,,
2025-05-17 03:58:00,0.3212934888847089,0,安全,绿色,无,无,0,,,,,,,,,,,,,,,,,,,,
2025-05-17 03:58:30,0.3226225463854564,0,安全,绿色,无,无,0,,,,,,,,,,,,,,,,,,,,
2025-05-17 03:59:00,0.3024109202516861,0,安全,绿色,无,无,0,,,,,,,,,,,,,,,,,,,,
2025-05-17 03:59:30,0.2888384138137493,0,安全,绿色,无,无,0,,,,,,,,,,,,,,,,,,,,
2025-05-17 04:00:00,0.344680487539942,0,安全,绿色,无,无,0,,,,,,,,,,,,,,,,,,,,
2025-05-17 04:00:30,0.2669912557735305,0,安全,绿色,无,无,0,,,,,,,,,,,,,,,,,,,,
2025-05-17 04:01:00,0.2919772455185492,0,安全,绿色,无,无,0,,,,,,,,,,,,,,,,,,,,
2025-05-17 04:01:30,0.2736897865559654,0,安全,绿色,无,无,0,,,,,,,,,,,,,,,,,,,,
2025-05-17 04:02:00,0.2634537448752823,0,安全,绿色,无,无,0,,,,,,,,,,,,,,,,,,,,
2025-05-17 04:02:30,1.0950842278347506,1,警告,黄色,轧制区,轧制区_力传感器_轧制力,1,轧制区_力传感器_轧制力,轧制力异常,轧制力偏离预期值，可能设备或工艺异常,轧制力和轧制速度变化会影响成品厚度/宽度，进而影响热处理参数,检查轧机状态，调整轧制参数,,,,,,,,,,,,,,,
2025-05-17 04:03:00,0.2273876458398384,0,安全,绿色,无,无,0,,,,,,,,,,,,,,,,,,,,
2025-05-17 04:03:30,0.3489740373747632,0,安全,绿色,无,无,0,,,,,,,,,,,,,,,,,,,,
2025-05-17 04:04:00,0.2657754090892775,0,安全,绿色,无,无,0,,,,,,,,,,,,,,,,,,,,
2025-05-17 04:04:30,0.2326931265872847,0,安全,绿色,无,无,0,,,,,,,,,,,,,,,,,,,,
2025-05-17 04:05:00,0.2862703095503505,0,安全,绿色,无,无,0,,,,,,,,,,,,,,,,,,,,
2025-05-17 04:05:30,0.2599213006746446,0,安全,绿色,无,无,0,,,,,,,,,,,,,,,,,,,,
2025-05-17 04:06:00,0.2850751576304841,0,安全,绿色,无,无,0,,,,,,,,,,,,,,,,,,,,
2025-05-17 04:06:30,0.3016622388437378,0,安全,绿色,无,无,0,,,,,,,,,,,,,,,,,,,,
2025-05-17 04:07:00,0.3456474556147246,0,安全,绿色,无,无,0,,,,,,,,,,,,,,,,,,,,
2025-05-17 04:07:30,0.3190474293972458,0,安全,绿色,无,无,0,,,,,,,,,,,,,,,,,,,,
2025-05-17 04:08:00,0.2877803739334779,0,安全,绿色,无,无,0,,,,,,,,,,,,,,,,,,,,
2025-05-17 04:08:30,0.3456474556147246,0,安全,绿色,无,无,0,,,,,,,,,,,,,,,,,,,,
2025-05-17 04:09:00,0.2841138513858577,0,安全,绿色,无,无,0,,,,,,,,,,,,,,,,,,,,
2025-05-17 04:09:30,0.2634647923684678,0,安全,绿色,无,无,0,,,,,,,,,,,,,,,,,,,,
2025-05-17 04:10:00,0.3314186572968065,0,安全,绿色,无,无,0,,,,,,,,,,,,,,,,,,,,
2025-05-17 04:10:30,0.3292894172242037,0,安全,绿色,无,无,0,,,,,,,,,,,,,,,,,,,,
2025-05-17 04:11:00,0.3466636652131956,0,安全,绿色,无,无,0,,,,,,,,,,,,,,,,,,,,
2025-05-17 04:11:30,0.2877803739334779,0,安全,绿色,无,无,0,,,,,,,,,,,,,,,,,,,,
2025-05-17 04:12:00,0.3287930995592794,0,安全,绿色,无,无,0,,,,,,,,,,,,,,,,,,,,
2025-05-17 04:12:30,0.3887073293167901,0,安全,绿色,无,无,0,,,,,,,,,,,,,,,,,,,,
2025-05-17 04:13:00,0.3793039819692163,0,安全,绿色,无,无,0,,,,,,,,,,,,,,,,,,,,
2025-05-17 04:13:30,0.3779643950242928,0,安全,绿色,无,无,0,,,,,,,,,,,,,,,,,,,,
2025-05-17 04:14:00,0.3076452780832873,0,安全,绿色,无,无,0,,,,,,,,,,,,,,,,,,,,
2025-05-17 04:14:30,0.4835072710494329,0,安全,绿色,无,无,0,,,,,,,,,,,,,,,,,,,,
2025-05-17 04:15:00,0.395469494594062,0,安全,绿色,无,无,0,,,,,,,,,,,,,,,,,,,,
2025-05-17 04:15:30,0.4468480156740921,0,安全,绿色,无,无,0,,,,,,,,,,,,,,,,,,,,
2025-05-17 04:16:00,0.4973875631748346,0,安全,绿色,无,无,0,,,,,,,,,,,,,,,,,,,,
2025-05-17 04:16:30,0.362741892217546,0,安全,绿色,无,无,0,,,,,,,,,,,,,,,,,,,,
2025-05-17 04:17:00,0.4017078427847151,0,安全,绿色,无,无,0,,,,,,,,,,,,,,,,,,,,
2025-05-17 04:17:30,0.4073250697396058,0,安全,绿色,无,无,0,,,,,,,,,,,,,,,,,,,,
2025-05-17 04:18:00,0.343147011877956,0,安全,绿色,无,无,0,,,,,,,,,,,,,,,,,,,,
2025-05-17 04:18:30,0.3550981032811492,0,安全,绿色,无,无,0,,,,,,,,,,,,,,,,,,,,
2025-05-17 04:19:00,0.3809476740567238,0,安全,绿色,无,无,0,,,,,,,,,,,,,,,,,,,,
2025-05-17 04:19:30,0.3809476740567238,0,安全,绿色,无,无,0,,,,,,,,,,,,,,,,,,,,
2025-05-17 04:20:00,0.3615495736612388,0,安全,绿色,无,无,0,,,,,,,,,,,,,,,,,,,,
2025-05-17 04:20:30,0.3550981032811492,0,安全,绿色,无,无,0,,,,,,,,,,,,,,,,,,,,
2025-05-17 04:21:00,0.3580578648255623,0,安全,绿色,无,无,0,,,,,,,,,,,,,,,,,,,,
2025-05-17 04:21:30,0.3580578648255623,0,安全,绿色,无,无,0,,,,,,,,,,,,,,,,,,,,
2025-05-17 04:22:00,0.3173079617097997,0,安全,绿色,无,无,0,,,,,,,,,,,,,,,,,,,,
2025-05-17 04:22:30,0.3322908645134876,0,安全,绿色,无,无,0,,,,,,,,,,,,,,,,,,,,
2025-05-17 04:23:00,0.3025009847656476,0,安全,绿色,无,无,0,,,,,,,,,,,,,,,,,,,,
2025-05-17 04:23:30,0.3006795923253698,0,安全,绿色,无,无,0,,,,,,,,,,,,,,,,,,,,
2025-05-17 04:24:00,0.2778086084533405,0,安全,绿色,无,无,0,,,,,,,,,,,,,,,,,,,,
2025-05-17 04:24:30,1.0882972578424162,1,警告,黄色,轧制区,轧制区_力传感器_轧制力,1,轧制区_力传感器_轧制力,轧制力异常,轧制力偏离预期值，可能设备或工艺异常,轧制力和轧制速度变化会影响成品厚度/宽度，进而影响热处理参数,检查轧机状态，调整轧制参数,,,,,,,,,,,,,,,
2025-05-17 04:25:00,0.3322908645134876,0,安全,绿色,无,无,0,,,,,,,,,,,,,,,,,,,,
2025-05-17 04:25:30,0.2921656420527144,0,安全,绿色,无,无,0,,,,,,,,,,,,,,,,,,,,
2025-05-17 04:26:00,0.364444276694528,0,安全,绿色,无,无,0,,,,,,,,,,,,,,,,,,,,
2025-05-17 04:26:30,0.298545167589216,0,安全,绿色,无,无,0,,,,,,,,,,,,,,,,,,,,
2025-05-17 04:27:00,0.3048195368243856,0,安全,绿色,无,无,0,,,,,,,,,,,,,,,,,,,,
2025-05-17 04:27:30,0.2807368765927256,0,安全,绿色,无,无,0,,,,,,,,,,,,,,,,,,,,
2025-05-17 04:28:00,0.3137394777296634,0,安全,绿色,无,无,0,,,,,,,,,,,,,,,,,,,,
2025-05-17 04:28:30,0.2873782056559865,0,安全,绿色,无,无,0,,,,,,,,,,,,,,,,,,,,
2025-05-17 04:29:00,0.299914171961916,0,安全,绿色,无,无,0,,,,,,,,,,,,,,,,,,,,
2025-05-17 04:29:30,0.327955202403023,0,安全,绿色,无,无,0,,,,,,,,,,,,,,,,,,,,
2025-05-17 04:30:00,0.3322593088264742,0,安全,绿色,无,无,0,,,,,,,,,,,,,,,,,,,,
2025-05-17 04:30:30,0.3139681053891731,0,安全,绿色,无,无,0,,,,,,,,,,,,,,,,,,,,
2025-05-17 04:31:00,0.366779856860415,0,安全,绿色,无,无,0,,,,,,,,,,,,,,,,,,,,
2025-05-17 04:31:30,0.3634201225737192,0,安全,绿色,无,无,0,,,,,,,,,,,,,,,,,,,,
2025-05-17 04:32:00,0.3617934850058232,0,安全,绿色,无,无,0,,,,,,,,,,,,,,,,,,,,
2025-05-17 04:32:30,0.3792145271269533,0,安全,绿色,无,无,0,,,,,,,,,,,,,,,,,,,,
2025-05-17 04:33:00,0.2871523536095524,0,安全,绿色,无,无,0,,,,,,,,,,,,,,,,,,,,
2025-05-17 04:33:30,0.3261337618206943,0,安全,绿色,无,无,0,,,,,,,,,,,,,,,,,,,,
2025-05-17 04:34:00,0.317600313141424,0,安全,绿色,无,无,0,,,,,,,,,,,,,,,,,,,,
2025-05-17 04:34:30,0.2756498138115117,0,安全,绿色,无,无,0,,,,,,,,,,,,,,,,,,,,
2025-05-17 04:35:00,0.2970745920712996,0,安全,绿色,无,无,0,,,,,,,,,,,,,,,,,,,,
2025-05-17 04:35:30,0.4088485035051319,0,安全,绿色,无,无,0,,,,,,,,,,,,,,,,,,,,
2025-05-17 04:36:00,0.339742764515588,0,安全,绿色,无,无,0,,,,,,,,,,,,,,,,,,,,
2025-05-17 04:36:30,0.339742764515588,0,安全,绿色,无,无,0,,,,,,,,,,,,,,,,,,,,
2025-05-17 04:37:00,0.4042794847976635,0,安全,绿色,无,无,0,,,,,,,,,,,,,,,,,,,,
2025-05-17 04:37:30,0.4480706345758207,0,安全,绿色,无,无,0,,,,,,,,,,,,,,,,,,,,
2025-05-17 04:38:00,0.3431223722215951,0,安全,绿色,无,无,0,,,,,,,,,,,,,,,,,,,,
2025-05-17 04:38:30,0.3442057026761215,0,安全,绿色,无,无,0,,,,,,,,,,,,,,,,,,,,
2025-05-17 04:39:00,0.2992901666956317,0,安全,绿色,无,无,0,,,,,,,,,,,,,,,,,,,,
2025-05-17 04:39:30,0.3795867443967009,0,安全,绿色,无,无,0,,,,,,,,,,,,,,,,,,,,
2025-05-17 04:40:00,0.2492294824451708,0,安全,绿色,无,无,0,,,,,,,,,,,,,,,,,,,,
2025-05-17 04:40:30,0.3146443088467294,0,安全,绿色,无,无,0,,,,,,,,,,,,,,,,,,,,
2025-05-17 04:41:00,0.2668083849711369,0,安全,绿色,无,无,0,,,,,,,,,,,,,,,,,,,,
2025-05-17 04:41:30,0.271812239808557,0,安全,绿色,无,无,0,,,,,,,,,,,,,,,,,,,,
2025-05-17 04:42:00,0.2613149014292616,0,安全,绿色,无,无,0,,,,,,,,,,,,,,,,,,,,
2025-05-17 04:42:30,0.4217669730457103,0,安全,绿色,无,无,0,,,,,,,,,,,,,,,,,,,,
2025-05-17 04:43:00,0.2444738109516376,0,安全,绿色,无,无,0,,,,,,,,,,,,,,,,,,,,
2025-05-17 04:43:30,0.2538190909340809,0,安全,绿色,无,无,0,,,,,,,,,,,,,,,,,,,,
2025-05-17 04:44:00,0.2828953410467292,0,安全,绿色,无,无,0,,,,,,,,,,,,,,,,,,,,
2025-05-17 04:44:30,0.3338194157000128,0,安全,绿色,无,无,0,,,,,,,,,,,,,,,,,,,,
2025-05-17 04:45:00,0.2563332076407001,0,安全,绿色,无,无,0,,,,,,,,,,,,,,,,,,,,
2025-05-17 04:45:30,0.2972289047094475,0,安全,绿色,无,无,0,,,,,,,,,,,,,,,,,,,,
2025-05-17 04:46:00,0.3332497054187378,0,安全,绿色,无,无,0,,,,,,,,,,,,,,,,,,,,
2025-05-17 04:46:30,1.07149751206138,1,警告,黄色,轧制区,轧制区_力传感器_轧制力,1,轧制区_力传感器_轧制力,轧制力异常,轧制力偏离预期值，可能设备或工艺异常,轧制力和轧制速度变化会影响成品厚度/宽度，进而影响热处理参数,检查轧机状态，调整轧制参数,,,,,,,,,,,,,,,
2025-05-17 04:47:00,0.2628671555321971,0,安全,绿色,无,无,0,,,,,,,,,,,,,,,,,,,,
2025-05-17 04:47:30,0.2563332076407001,0,安全,绿色,无,无,0,,,,,,,,,,,,,,,,,,,,
2025-05-17 04:48:00,0.3353043726416878,0,安全,绿色,无,无,0,,,,,,,,,,,,,,,,,,,,
2025-05-17 04:48:30,0.4378940927806611,0,安全,绿色,无,无,0,,,,,,,,,,,,,,,,,,,,
2025-05-17 04:49:00,0.2719436372737899,0,安全,绿色,无,无,0,,,,,,,,,,,,,,,,,,,,
2025-05-17 04:49:30,0.3375762722872537,0,安全,绿色,无,无,0,,,,,,,,,,,,,,,,,,,,
2025-05-17 04:50:00,0.2798303203425364,0,安全,绿色,无,无,0,,,,,,,,,,,,,,,,,,,,
2025-05-17 04:50:30,0.3299089162411696,0,安全,绿色,无,无,0,,,,,,,,,,,,,,,,,,,,
2025-05-17 04:51:00,0.3228389602863007,0,安全,绿色,无,无,0,,,,,,,,,,,,,,,,,,,,
2025-05-17 04:51:30,0.3786171846226013,0,安全,绿色,无,无,0,,,,,,,,,,,,,,,,,,,,
2025-05-17 04:52:00,0.2883147035758945,0,安全,绿色,无,无,0,,,,,,,,,,,,,,,,,,,,
2025-05-17 04:52:30,0.3314034268451343,0,安全,绿色,无,无,0,,,,,,,,,,,,,,,,,,,,
2025-05-17 04:53:00,0.3316283055269542,0,安全,绿色,无,无,0,,,,,,,,,,,,,,,,,,,,
2025-05-17 04:53:30,0.3554866088233974,0,安全,绿色,无,无,0,,,,,,,,,,,,,,,,,,,,
2025-05-17 04:54:00,0.3878474551286711,0,安全,绿色,无,无,0,,,,,,,,,,,,,,,,,,,,
2025-05-17 04:54:30,0.3587333550850539,0,安全,绿色,无,无,0,,,,,,,,,,,,,,,,,,,,
2025-05-17 04:55:00,0.3279642956722902,0,安全,绿色,无,无,0,,,,,,,,,,,,,,,,,,,,
2025-05-17 04:55:30,0.3965421582894347,0,安全,绿色,无,无,0,,,,,,,,,,,,,,,,,,,,
2025-05-17 04:56:00,0.3280470756938455,0,安全,绿色,无,无,0,,,,,,,,,,,,,,,,,,,,
2025-05-17 04:56:30,0.324648180828794,0,安全,绿色,无,无,0,,,,,,,,,,,,,,,,,,,,
2025-05-17 04:57:00,0.4166927241466572,0,安全,绿色,无,无,0,,,,,,,,,,,,,,,,,,,,
2025-05-17 04:57:30,0.3373622406064955,0,安全,绿色,无,无,0,,,,,,,,,,,,,,,,,,,,
2025-05-17 04:58:00,0.336735636131632,0,安全,绿色,无,无,0,,,,,,,,,,,,,,,,,,,,
2025-05-17 04:58:30,0.3796778559886552,0,安全,绿色,无,无,0,,,,,,,,,,,,,,,,,,,,
2025-05-17 04:59:00,0.3693081095236273,0,安全,绿色,无,无,0,,,,,,,,,,,,,,,,,,,,
2025-05-17 04:59:30,0.3954244914062085,0,安全,绿色,无,无,0,,,,,,,,,,,,,,,,,,,,
2025-05-17 05:00:00,0.3052832646377329,0,安全,绿色,无,无,0,,,,,,,,,,,,,,,,,,,,
2025-05-17 05:00:30,0.3654755830271666,0,安全,绿色,无,无,0,,,,,,,,,,,,,,,,,,,,
2025-05-17 05:01:00,0.3388704563404173,0,安全,绿色,无,无,0,,,,,,,,,,,,,,,,,,,,
2025-05-17 05:01:30,0.369978652422791,0,安全,绿色,无,无,0,,,,,,,,,,,,,,,,,,,,
2025-05-17 05:02:00,0.3588673052861899,0,安全,绿色,无,无,0,,,,,,,,,,,,,,,,,,,,
2025-05-17 05:02:30,0.3533496806099408,0,安全,绿色,无,无,0,,,,,,,,,,,,,,,,,,,,
2025-05-17 05:03:00,0.3052832646377329,0,安全,绿色,无,无,0,,,,,,,,,,,,,,,,,,,,
2025-05-17 05:03:30,0.3275986408678169,0,安全,绿色,无,无,0,,,,,,,,,,,,,,,,,,,,
2025-05-17 05:04:00,0.3693795686380667,0,安全,绿色,无,无,0,,,,,,,,,,,,,,,,,,,,
2025-05-17 05:04:30,0.4041849253804662,0,安全,绿色,无,无,0,,,,,,,,,,,,,,,,,,,,
2025-05-17 05:05:00,0.354021118197552,0,安全,绿色,无,无,0,,,,,,,,,,,,,,,,,,,,
2025-05-17 05:05:30,0.3607790302748997,0,安全,绿色,无,无,0,,,,,,,,,,,,,,,,,,,,
2025-05-17 05:06:00,0.4318442401555363,0,安全,绿色,无,无,0,,,,,,,,,,,,,,,,,,,,
2025-05-17 05:06:30,0.979534442967753,1,警告,黄色,炼钢区; 连铸区,炼钢区_温度传感器_钢水温度,1,炼钢区_温度传感器_钢水温度,钢水温度偏差,转炉或电炉钢水温度异常,炼钢区钢水温度直接影响连铸区钢水温度,调整冶炼工艺和加热参数,,,,,,,,,,,,,,,
2025-05-17 05:07:00,1.0754424452762847,1,警告,黄色,炼钢区; 连铸区,炼钢区_温度传感器_钢水温度,1,炼钢区_温度传感器_钢水温度,钢水温度偏差,转炉或电炉钢水温度异常,炼钢区钢水温度直接影响连铸区钢水温度,调整冶炼工艺和加热参数,,,,,,,,,,,,,,,
2025-05-17 05:07:30,1.0273121094248587,1,警告,黄色,炼钢区; 连铸区,炼钢区_温度传感器_钢水温度,1,炼钢区_温度传感器_钢水温度,钢水温度偏差,转炉或电炉钢水温度异常,炼钢区钢水温度直接影响连铸区钢水温度,调整冶炼工艺和加热参数,,,,,,,,,,,,,,,
2025-05-17 05:08:00,0.9823633886544908,1,警告,黄色,无,未确定,1,未确定,传感器异常,未确定传感器监测数值异常,可能影响相关工序的稳定性和产品质量,检查传感器状态和相关工艺参数,,,,,,,,,,,,,,,
2025-05-17 05:08:30,0.8844205578268383,1,警告,黄色,无,未确定,1,未确定,传感器异常,未确定传感器监测数值异常,可能影响相关工序的稳定性和产品质量,检查传感器状态和相关工艺参数,,,,,,,,,,,,,,,
2025-05-17 05:09:00,0.5630179221027923,0,安全,绿色,无,无,0,,,,,,,,,,,,,,,,,,,,
2025-05-17 05:09:30,0.5313482604752435,0,安全,绿色,无,无,0,,,,,,,,,,,,,,,,,,,,
2025-05-17 05:10:00,0.4006464366660698,0,安全,绿色,无,无,0,,,,,,,,,,,,,,,,,,,,
2025-05-17 05:10:30,0.3541831031544489,0,安全,绿色,无,无,0,,,,,,,,,,,,,,,,,,,,
2025-05-17 05:11:00,0.3682112639165513,0,安全,绿色,无,无,0,,,,,,,,,,,,,,,,,,,,
2025-05-17 05:11:30,0.4174677367481338,0,安全,绿色,无,无,0,,,,,,,,,,,,,,,,,,,,
2025-05-17 05:12:00,0.3541831031544489,0,安全,绿色,无,无,0,,,,,,,,,,,,,,,,,,,,
2025-05-17 05:12:30,0.3218664605591579,0,安全,绿色,无,无,0,,,,,,,,,,,,,,,,,,,,
2025-05-17 05:13:00,0.3169919274253697,0,安全,绿色,无,无,0,,,,,,,,,,,,,,,,,,,,
2025-05-17 05:13:30,0.4305907059565307,0,安全,绿色,无,无,0,,,,,,,,,,,,,,,,,,,,
2025-05-17 05:14:00,0.3026559738769168,0,安全,绿色,无,无,0,,,,,,,,,,,,,,,,,,,,
2025-05-17 05:14:30,0.3366770654923816,0,安全,绿色,无,无,0,,,,,,,,,,,,,,,,,,,,
2025-05-17 05:15:00,0.2653795273119646,0,安全,绿色,无,无,0,,,,,,,,,,,,,,,,,,,,
2025-05-17 05:15:30,0.3360260486120373,0,安全,绿色,无,无,0,,,,,,,,,,,,,,,,,,,,
2025-05-17 05:16:00,0.3065591826755502,0,安全,绿色,无,无,0,,,,,,,,,,,,,,,,,,,,
2025-05-17 05:16:30,0.3066715512067624,0,安全,绿色,无,无,0,,,,,,,,,,,,,,,,,,,,
2025-05-17 05:17:00,0.2809952706524717,0,安全,绿色,无,无,0,,,,,,,,,,,,,,,,,,,,
2025-05-17 05:17:30,0.3330260173123192,0,安全,绿色,无,无,0,,,,,,,,,,,,,,,,,,,,
2025-05-17 05:18:00,0.3850986936197369,0,安全,绿色,无,无,0,,,,,,,,,,,,,,,,,,,,
2025-05-17 05:18:30,0.3073291098467063,0,安全,绿色,无,无,0,,,,,,,,,,,,,,,,,,,,
2025-05-17 05:19:00,0.2976964112767682,0,安全,绿色,无,无,0,,,,,,,,,,,,,,,,,,,,
2025-05-17 05:19:30,0.3052483755041046,0,安全,绿色,无,无,0,,,,,,,,,,,,,,,,,,,,
2025-05-17 05:20:00,0.2857533772049259,0,安全,绿色,无,无,0,,,,,,,,,,,,,,,,,,,,
2025-05-17 05:20:30,0.3658189638959129,0,安全,绿色,无,无,0,,,,,,,,,,,,,,,,,,,,
2025-05-17 05:21:00,0.3330260173123192,0,安全,绿色,无,无,0,,,,,,,,,,,,,,,,,,,,
2025-05-17 05:21:30,0.2732558467885181,0,安全,绿色,无,无,0,,,,,,,,,,,,,,,,,,,,
2025-05-17 05:22:00,0.3836947884628952,0,安全,绿色,无,无,0,,,,,,,,,,,,,,,,,,,,
2025-05-17 05:22:30,0.2957658614567682,0,安全,绿色,无,无,0,,,,,,,,,,,,,,,,,,,,
2025-05-17 05:23:00,0.3432072053654074,0,安全,绿色,无,无,0,,,,,,,,,,,,,,,,,,,,
2025-05-17 05:23:30,0.3052483755041046,0,安全,绿色,无,无,0,,,,,,,,,,,,,,,,,,,,
2025-05-17 05:24:00,1.093225746352016,1,警告,黄色,轧制区,轧制区_力传感器_轧制力,1,轧制区_力传感器_轧制力,轧制力异常,轧制力偏离预期值，可能设备或工艺异常,轧制力和轧制速度变化会影响成品厚度/宽度，进而影响热处理参数,检查轧机状态，调整轧制参数,,,,,,,,,,,,,,,
2025-05-17 05:24:30,0.3819137819480431,0,安全,绿色,无,无,0,,,,,,,,,,,,,,,,,,,,
2025-05-17 05:25:00,0.3128039371897591,0,安全,绿色,无,无,0,,,,,,,,,,,,,,,,,,,,
2025-05-17 05:25:30,0.3944201270821815,0,安全,绿色,无,无,0,,,,,,,,,,,,,,,,,,,,
2025-05-17 05:26:00,0.4216158258299863,0,安全,绿色,无,无,0,,,,,,,,,,,,,,,,,,,,
2025-05-17 05:26:30,0.4038210062210515,0,安全,绿色,无,无,0,,,,,,,,,,,,,,,,,,,,
2025-05-17 05:27:00,0.3221532229524786,0,安全,绿色,无,无,0,,,,,,,,,,,,,,,,,,,,
2025-05-17 05:27:30,0.3308336599086052,0,安全,绿色,无,无,0,,,,,,,,,,,,,,,,,,,,
2025-05-17 05:28:00,0.3465156216515356,0,安全,绿色,无,无,0,,,,,,,,,,,,,,,,,,,,
2025-05-17 05:28:30,0.318838951269846,0,安全,绿色,无,无,0,,,,,,,,,,,,,,,,,,,,
2025-05-17 05:29:00,0.3331391333848968,0,安全,绿色,无,无,0,,,,,,,,,,,,,,,,,,,,
2025-05-17 05:29:30,0.2804513591624177,0,安全,绿色,无,无,0,,,,,,,,,,,,,,,,,,,,
2025-05-17 05:30:00,0.3753564134521582,0,安全,绿色,无,无,0,,,,,,,,,,,,,,,,,,,,
2025-05-17 05:30:30,0.3193697702961443,0,安全,绿色,无,无,0,,,,,,,,,,,,,,,,,,,,
2025-05-17 05:31:00,0.3676191546817956,0,安全,绿色,无,无,0,,,,,,,,,,,,,,,,,,,,
2025-05-17 05:31:30,0.3472708876810415,0,安全,绿色,无,无,0,,,,,,,,,,,,,,,,,,,,
2025-05-17 05:32:00,0.4709321498197815,0,安全,绿色,无,无,0,,,,,,,,,,,,,,,,,,,,
2025-05-17 05:32:30,0.3286743897917854,0,安全,绿色,无,无,0,,,,,,,,,,,,,,,,,,,,
2025-05-17 05:33:00,0.3067689823392026,0,安全,绿色,无,无,0,,,,,,,,,,,,,,,,,,,,
2025-05-17 05:33:30,0.3580519996441439,0,安全,绿色,无,无,0,,,,,,,,,,,,,,,,,,,,
2025-05-17 05:34:00,0.2964965253476684,0,安全,绿色,无,无,0,,,,,,,,,,,,,,,,,,,,
2025-05-17 05:34:30,0.3472631927199943,0,安全,绿色,无,无,0,,,,,,,,,,,,,,,,,,,,
2025-05-17 05:35:00,0.3658970548295582,0,安全,绿色,无,无,0,,,,,,,,,,,,,,,,,,,,
2025-05-17 05:35:30,0.356028498243515,0,安全,绿色,无,无,0,,,,,,,,,,,,,,,,,,,,
2025-05-17 05:36:00,0.2839081100200857,0,安全,绿色,无,无,0,,,,,,,,,,,,,,,,,,,,
2025-05-17 05:36:30,0.3658165104496775,0,安全,绿色,无,无,0,,,,,,,,,,,,,,,,,,,,
2025-05-17 05:37:00,0.2839081100200857,0,安全,绿色,无,无,0,,,,,,,,,,,,,,,,,,,,
2025-05-17 05:37:30,0.2768343890252518,0,安全,绿色,无,无,0,,,,,,,,,,,,,,,,,,,,
2025-05-17 05:38:00,0.3764056904725158,0,安全,绿色,无,无,0,,,,,,,,,,,,,,,,,,,,
2025-05-17 05:38:30,0.2768343890252518,0,安全,绿色,无,无,0,,,,,,,,,,,,,,,,,,,,
2025-05-17 05:39:00,0.4634273446790432,0,安全,绿色,无,无,0,,,,,,,,,,,,,,,,,,,,
2025-05-17 05:39:30,1.062408394470565,1,警告,黄色,轧制区,轧制区_力传感器_轧制力,1,轧制区_力传感器_轧制力,轧制力异常,轧制力偏离预期值，可能设备或工艺异常,轧制力和轧制速度变化会影响成品厚度/宽度，进而影响热处理参数,检查轧机状态，调整轧制参数,,,,,,,,,,,,,,,
2025-05-17 05:40:00,0.2645327666573908,0,安全,绿色,无,无,0,,,,,,,,,,,,,,,,,,,,
2025-05-17 05:40:30,0.2945272241148998,0,安全,绿色,无,无,0,,,,,,,,,,,,,,,,,,,,
2025-05-17 05:41:00,0.3533270917453431,0,安全,绿色,无,无,0,,,,,,,,,,,,,,,,,,,,
2025-05-17 05:41:30,0.4919571040761729,0,安全,绿色,无,无,0,,,,,,,,,,,,,,,,,,,,
2025-05-17 05:42:00,0.3845945116455086,0,安全,绿色,无,无,0,,,,,,,,,,,,,,,,,,,,
2025-05-17 05:42:30,0.4496606923773533,0,安全,绿色,无,无,0,,,,,,,,,,,,,,,,,,,,
2025-05-17 05:43:00,0.3517803537768695,0,安全,绿色,无,无,0,,,,,,,,,,,,,,,,,,,,
2025-05-17 05:43:30,0.3364509151780877,0,安全,绿色,无,无,0,,,,,,,,,,,,,,,,,,,,
2025-05-17 05:44:00,0.2308656582514979,0,安全,绿色,无,无,0,,,,,,,,,,,,,,,,,,,,
2025-05-17 05:44:30,0.3484085919587669,0,安全,绿色,无,无,0,,,,,,,,,,,,,,,,,,,,
2025-05-17 05:45:00,0.3104961825663427,0,安全,绿色,无,无,0,,,,,,,,,,,,,,,,,,,,
2025-05-17 05:45:30,0.3000562909510785,0,安全,绿色,无,无,0,,,,,,,,,,,,,,,,,,,,
2025-05-17 05:46:00,0.2849925476910965,0,安全,绿色,无,无,0,,,,,,,,,,,,,,,,,,,,
2025-05-17 05:46:30,0.2320463270786067,0,安全,绿色,无,无,0,,,,,,,,,,,,,,,,,,,,
2025-05-17 05:47:00,0.2484173783264175,0,安全,绿色,无,无,0,,,,,,,,,,,,,,,,,,,,
2025-05-17 05:47:30,0.3248528545218903,0,安全,绿色,无,无,0,,,,,,,,,,,,,,,,,,,,
2025-05-17 05:48:00,0.3279233473312484,0,安全,绿色,无,无,0,,,,,,,,,,,,,,,,,,,,
2025-05-17 05:48:30,0.3218572155170133,0,安全,绿色,无,无,0,,,,,,,,,,,,,,,,,,,,
2025-05-17 05:49:00,0.2875121054306047,0,安全,绿色,无,无,0,,,,,,,,,,,,,,,,,,,,
2025-05-17 05:49:30,0.4052153165029316,0,安全,绿色,无,无,0,,,,,,,,,,,,,,,,,,,,
2025-05-17 05:50:00,0.3860993733351077,0,安全,绿色,无,无,0,,,,,,,,,,,,,,,,,,,,
2025-05-17 05:50:30,0.6065849866091191,0,安全,绿色,无,无,0,,,,,,,,,,,,,,,,,,,,
2025-05-17 05:51:00,0.3803878657748121,0,安全,绿色,无,无,0,,,,,,,,,,,,,,,,,,,,
2025-05-17 05:51:30,0.4105560420251196,0,安全,绿色,无,无,0,,,,,,,,,,,,,,,,,,,,
2025-05-17 05:52:00,0.3982726177553495,0,安全,绿色,无,无,0,,,,,,,,,,,,,,,,,,,,
2025-05-17 05:52:30,0.51090586497262,0,安全,绿色,无,无,0,,,,,,,,,,,,,,,,,,,,
2025-05-17 05:53:00,0.3839764754642972,0,安全,绿色,无,无,0,,,,,,,,,,,,,,,,,,,,
2025-05-17 05:53:30,0.3673050515414783,0,安全,绿色,无,无,0,,,,,,,,,,,,,,,,,,,,
2025-05-17 05:54:00,0.3357387601831996,0,安全,绿色,无,无,0,,,,,,,,,,,,,,,,,,,,
2025-05-17 05:54:30,0.3892346416559027,0,安全,绿色,无,无,0,,,,,,,,,,,,,,,,,,,,
2025-05-17 05:55:00,1.0328133892993785,1,警告,黄色,轧制区,轧制区_力传感器_轧制力,1,轧制区_力传感器_轧制力,轧制力异常,轧制力偏离预期值，可能设备或工艺异常,轧制力和轧制速度变化会影响成品厚度/宽度，进而影响热处理参数,检查轧机状态，调整轧制参数,,,,,,,,,,,,,,,
2025-05-17 05:55:30,0.4751071303011183,0,安全,绿色,无,无,0,,,,,,,,,,,,,,,,,,,,
2025-05-17 05:56:00,0.3620188080950057,0,安全,绿色,无,无,0,,,,,,,,,,,,,,,,,,,,
2025-05-17 05:56:30,0.3576439883527617,0,安全,绿色,无,无,0,,,,,,,,,,,,,,,,,,,,
2025-05-17 05:57:00,0.3357387601831996,0,安全,绿色,无,无,0,,,,,,,,,,,,,,,,,,,,
2025-05-17 05:57:30,0.4314034732044006,0,安全,绿色,无,无,0,,,,,,,,,,,,,,,,,,,,
2025-05-17 05:58:00,0.2999322031062363,0,安全,绿色,无,无,0,,,,,,,,,,,,,,,,,,,,
2025-05-17 05:58:30,0.2996280802798555,0,安全,绿色,无,无,0,,,,,,,,,,,,,,,,,,,,
2025-05-17 05:59:00,0.3966579754208793,0,安全,绿色,无,无,0,,,,,,,,,,,,,,,,,,,,
2025-05-17 05:59:30,0.4475803250063722,0,安全,绿色,无,无,0,,,,,,,,,,,,,,,,,,,,
2025-05-17 06:00:00,0.9990682261417788,1,警告,黄色,轧制区,轧制区_温度传感器_坯料温度,1,轧制区_温度传感器_坯料温度,坯料温度异常,轧制前坯料温度偏离工艺要求,影响轧制力分配和产品性能,调整加热炉操作或轧制节拍,,,,,,,,,,,,,,,
2025-05-17 06:00:30,0.3426183842436436,0,安全,绿色,无,无,0,,,,,,,,,,,,,,,,,,,,
2025-05-17 06:01:00,0.6803804596529812,0,安全,绿色,无,无,0,,,,,,,,,,,,,,,,,,,,
2025-05-17 06:01:30,0.5449813337182656,0,安全,绿色,无,无,0,,,,,,,,,,,,,,,,,,,,
2025-05-17 06:02:00,0.4689321436775223,0,安全,绿色,无,无,0,,,,,,,,,,,,,,,,,,,,
2025-05-17 06:02:30,0.3880096734033798,0,安全,绿色,无,无,0,,,,,,,,,,,,,,,,,,,,
2025-05-17 06:03:00,0.4318495805428076,0,安全,绿色,无,无,0,,,,,,,,,,,,,,,,,,,,
2025-05-17 06:03:30,0.4739777309120864,0,安全,绿色,无,无,0,,,,,,,,,,,,,,,,,,,,
2025-05-17 06:04:00,0.3785401567951108,0,安全,绿色,无,无,0,,,,,,,,,,,,,,,,,,,,
2025-05-17 06:04:30,0.3874402901986357,0,安全,绿色,无,无,0,,,,,,,,,,,,,,,,,,,,
2025-05-17 06:05:00,0.34439318984379,0,安全,绿色,无,无,0,,,,,,,,,,,,,,,,,,,,
2025-05-17 06:05:30,0.3970696162702914,0,安全,绿色,无,无,0,,,,,,,,,,,,,,,,,,,,
2025-05-17 06:06:00,0.3716461447496267,0,安全,绿色,无,无,0,,,,,,,,,,,,,,,,,,,,
2025-05-17 06:06:30,0.3463769499660452,0,安全,绿色,无,无,0,,,,,,,,,,,,,,,,,,,,
2025-05-17 06:07:00,0.3814825780089371,0,安全,绿色,无,无,0,,,,,,,,,,,,,,,,,,,,
2025-05-17 06:07:30,0.3379565931041461,0,安全,绿色,无,无,0,,,,,,,,,,,,,,,,,,,,
2025-05-17 06:08:00,0.3385110104241595,0,安全,绿色,无,无,0,,,,,,,,,,,,,,,,,,,,
2025-05-17 06:08:30,0.412607107241889,0,安全,绿色,无,无,0,,,,,,,,,,,,,,,,,,,,
2025-05-17 06:09:00,0.4026212549604407,0,安全,绿色,无,无,0,,,,,,,,,,,,,,,,,,,,
2025-05-17 06:09:30,0.3317255333308812,0,安全,绿色,无,无,0,,,,,,,,,,,,,,,,,,,,
2025-05-17 06:10:00,0.358341153095085,0,安全,绿色,无,无,0,,,,,,,,,,,,,,,,,,,,
2025-05-17 06:10:30,1.1066400920745778,1,警告,黄色,轧制区,轧制区_力传感器_轧制力,1,轧制区_力传感器_轧制力,轧制力异常,轧制力偏离预期值，可能设备或工艺异常,轧制力和轧制速度变化会影响成品厚度/宽度，进而影响热处理参数,检查轧机状态，调整轧制参数,,,,,,,,,,,,,,,
2025-05-17 06:11:00,0.3735445711088576,0,安全,绿色,无,无,0,,,,,,,,,,,,,,,,,,,,
2025-05-17 06:11:30,0.3493852070929559,0,安全,绿色,无,无,0,,,,,,,,,,,,,,,,,,,,
2025-05-17 06:12:00,0.2946253049571199,0,安全,绿色,无,无,0,,,,,,,,,,,,,,,,,,,,
2025-05-17 06:12:30,0.3660856342702571,0,安全,绿色,无,无,0,,,,,,,,,,,,,,,,,,,,
2025-05-17 06:13:00,0.3141387298782299,0,安全,绿色,无,无,0,,,,,,,,,,,,,,,,,,,,
2025-05-17 06:13:30,0.3244167349550875,0,安全,绿色,无,无,0,,,,,,,,,,,,,,,,,,,,
2025-05-17 06:14:00,0.3118882880230969,0,安全,绿色,无,无,0,,,,,,,,,,,,,,,,,,,,
2025-05-17 06:14:30,0.4119700366530704,0,安全,绿色,无,无,0,,,,,,,,,,,,,,,,,,,,
2025-05-17 06:15:00,0.4025400069560924,0,安全,绿色,无,无,0,,,,,,,,,,,,,,,,,,,,
2025-05-17 06:15:30,0.3262609462794054,0,安全,绿色,无,无,0,,,,,,,,,,,,,,,,,,,,
2025-05-17 06:16:00,0.3490218367125301,0,安全,绿色,无,无,0,,,,,,,,,,,,,,,,,,,,
2025-05-17 06:16:30,0.3324702771371409,0,安全,绿色,无,无,0,,,,,,,,,,,,,,,,,,,,
2025-05-17 06:17:00,0.430671658144658,0,安全,绿色,无,无,0,,,,,,,,,,,,,,,,,,,,
2025-05-17 06:17:30,0.3992031778200168,0,安全,绿色,无,无,0,,,,,,,,,,,,,,,,,,,,
2025-05-17 06:18:00,0.4280212100191448,0,安全,绿色,无,无,0,,,,,,,,,,,,,,,,,,,,
2025-05-17 06:18:30,0.3715750911829673,0,安全,绿色,无,无,0,,,,,,,,,,,,,,,,,,,,
2025-05-17 06:19:00,0.4189409498146128,0,安全,绿色,无,无,0,,,,,,,,,,,,,,,,,,,,
2025-05-17 06:19:30,0.2876902695947309,0,安全,绿色,无,无,0,,,,,,,,,,,,,,,,,,,,
2025-05-17 06:20:00,0.3724031147108547,0,安全,绿色,无,无,0,,,,,,,,,,,,,,,,,,,,
2025-05-17 06:20:30,0.3556623976137603,0,安全,绿色,无,无,0,,,,,,,,,,,,,,,,,,,,
2025-05-17 06:21:00,0.4170945417145612,0,安全,绿色,无,无,0,,,,,,,,,,,,,,,,,,,,
2025-05-17 06:21:30,0.3483959822653721,0,安全,绿色,无,无,0,,,,,,,,,,,,,,,,,,,,
2025-05-17 06:22:00,0.3006393570901469,0,安全,绿色,无,无,0,,,,,,,,,,,,,,,,,,,,
2025-05-17 06:22:30,0.3207760596726652,0,安全,绿色,无,无,0,,,,,,,,,,,,,,,,,,,,
2025-05-17 06:23:00,0.3464153245715785,0,安全,绿色,无,无,0,,,,,,,,,,,,,,,,,,,,
2025-05-17 06:23:30,0.2961065330188821,0,安全,绿色,无,无,0,,,,,,,,,,,,,,,,,,,,
2025-05-17 06:24:00,0.2700966789970046,0,安全,绿色,无,无,0,,,,,,,,,,,,,,,,,,,,
2025-05-17 06:24:30,0.3999733744581773,0,安全,绿色,无,无,0,,,,,,,,,,,,,,,,,,,,
2025-05-17 06:25:00,0.4495514336046746,0,安全,绿色,无,无,0,,,,,,,,,,,,,,,,,,,,
2025-05-17 06:25:30,0.3006393570901351,0,安全,绿色,无,无,0,,,,,,,,,,,,,,,,,,,,
2025-05-17 06:26:00,1.1013509445786072,1,警告,黄色,轧制区,轧制区_力传感器_轧制力,1,轧制区_力传感器_轧制力,轧制力异常,轧制力偏离预期值，可能设备或工艺异常,轧制力和轧制速度变化会影响成品厚度/宽度，进而影响热处理参数,检查轧机状态，调整轧制参数,,,,,,,,,,,,,,,
2025-05-17 06:26:30,0.3464153245715888,0,安全,绿色,无,无,0,,,,,,,,,,,,,,,,,,,,
2025-05-17 06:27:00,0.5452560954361292,0,安全,绿色,无,无,0,,,,,,,,,,,,,,,,,,,,
2025-05-17 06:27:30,0.4530499572853954,0,安全,绿色,无,无,0,,,,,,,,,,,,,,,,,,,,
2025-05-17 06:28:00,0.4060259858547825,0,安全,绿色,无,无,0,,,,,,,,,,,,,,,,,,,,
2025-05-17 06:28:30,0.4085422619385833,0,安全,绿色,无,无,0,,,,,,,,,,,,,,,,,,,,
2025-05-17 06:29:00,0.4472268531558736,0,安全,绿色,无,无,0,,,,,,,,,,,,,,,,,,,,
2025-05-17 06:29:30,0.4709245172910597,0,安全,绿色,无,无,0,,,,,,,,,,,,,,,,,,,,
2025-05-17 06:30:00,0.4704490103015635,0,安全,绿色,无,无,0,,,,,,,,,,,,,,,,,,,,
2025-05-17 06:30:30,0.4060259858547825,0,安全,绿色,无,无,0,,,,,,,,,,,,,,,,,,,,
2025-05-17 06:31:00,0.384093247691568,0,安全,绿色,无,无,0,,,,,,,,,,,,,,,,,,,,
2025-05-17 06:31:30,0.3408222492651765,0,安全,绿色,无,无,0,,,,,,,,,,,,,,,,,,,,
2025-05-17 06:32:00,0.3736054606594839,0,安全,绿色,无,无,0,,,,,,,,,,,,,,,,,,,,
2025-05-17 06:32:30,0.279153240933598,0,安全,绿色,无,无,0,,,,,,,,,,,,,,,,,,,,
2025-05-17 06:33:00,0.2915268131629237,0,安全,绿色,无,无,0,,,,,,,,,,,,,,,,,,,,
2025-05-17 06:33:30,0.3131262219535429,0,安全,绿色,无,无,0,,,,,,,,,,,,,,,,,,,,
2025-05-17 06:34:00,0.33317598759489,0,安全,绿色,无,无,0,,,,,,,,,,,,,,,,,,,,
2025-05-17 06:34:30,0.3131262219535429,0,安全,绿色,无,无,0,,,,,,,,,,,,,,,,,,,,
2025-05-17 06:35:00,0.3700764321277641,0,安全,绿色,无,无,0,,,,,,,,,,,,,,,,,,,,
2025-05-17 06:35:30,0.5115766602866876,0,安全,绿色,无,无,0,,,,,,,,,,,,,,,,,,,,
2025-05-17 06:36:00,0.4417169531994416,0,安全,绿色,无,无,0,,,,,,,,,,,,,,,,,,,,
2025-05-17 06:36:30,0.3664570504513277,0,安全,绿色,无,无,0,,,,,,,,,,,,,,,,,,,,
2025-05-17 06:37:00,0.4417169531994416,0,安全,绿色,无,无,0,,,,,,,,,,,,,,,,,,,,
2025-05-17 06:37:30,0.3279604279051598,0,安全,绿色,无,无,0,,,,,,,,,,,,,,,,,,,,
2025-05-17 06:38:00,0.3664570504513277,0,安全,绿色,无,无,0,,,,,,,,,,,,,,,,,,,,
2025-05-17 06:38:30,0.4430519520075452,0,安全,绿色,无,无,0,,,,,,,,,,,,,,,,,,,,
2025-05-17 06:39:00,0.3775993317019439,0,安全,绿色,无,无,0,,,,,,,,,,,,,,,,,,,,
2025-05-17 06:39:30,0.3782538522545017,0,安全,绿色,无,无,0,,,,,,,,,,,,,,,,,,,,
2025-05-17 06:40:00,0.4213814662601887,0,安全,绿色,无,无,0,,,,,,,,,,,,,,,,,,,,
2025-05-17 06:40:30,0.4741008513035343,0,安全,绿色,无,无,0,,,,,,,,,,,,,,,,,,,,
2025-05-17 06:41:00,0.3782538522545017,0,安全,绿色,无,无,0,,,,,,,,,,,,,,,,,,,,
2025-05-17 06:41:30,1.0801380947423171,1,警告,黄色,轧制区,轧制区_力传感器_轧制力,1,轧制区_力传感器_轧制力,轧制力异常,轧制力偏离预期值，可能设备或工艺异常,轧制力和轧制速度变化会影响成品厚度/宽度，进而影响热处理参数,检查轧机状态，调整轧制参数,,,,,,,,,,,,,,,
2025-05-17 06:42:00,0.3545660048055334,0,安全,绿色,无,无,0,,,,,,,,,,,,,,,,,,,,
2025-05-17 06:42:30,0.3903600399357083,0,安全,绿色,无,无,0,,,,,,,,,,,,,,,,,,,,
2025-05-17 06:43:00,0.3348265135615659,0,安全,绿色,无,无,0,,,,,,,,,,,,,,,,,,,,
2025-05-17 06:43:30,0.3614658575785615,0,安全,绿色,无,无,0,,,,,,,,,,,,,,,,,,,,
2025-05-17 06:44:00,0.2868331749647529,0,安全,绿色,无,无,0,,,,,,,,,,,,,,,,,,,,
2025-05-17 06:44:30,0.3614658575785615,0,安全,绿色,无,无,0,,,,,,,,,,,,,,,,,,,,
2025-05-17 06:45:00,0.3280724121587403,0,安全,绿色,无,无,0,,,,,,,,,,,,,,,,,,,,
2025-05-17 06:45:30,0.3084326138878364,0,安全,绿色,无,无,0,,,,,,,,,,,,,,,,,,,,
2025-05-17 06:46:00,0.343690049578829,0,安全,绿色,无,无,0,,,,,,,,,,,,,,,,,,,,
2025-05-17 06:46:30,0.3063089575681905,0,安全,绿色,无,无,0,,,,,,,,,,,,,,,,,,,,
2025-05-17 06:47:00,0.2999982096847011,0,安全,绿色,无,无,0,,,,,,,,,,,,,,,,,,,,
2025-05-17 06:47:30,0.3120353096965599,0,安全,绿色,无,无,0,,,,,,,,,,,,,,,,,,,,
2025-05-17 06:48:00,0.2868331749647529,0,安全,绿色,无,无,0,,,,,,,,,,,,,,,,,,,,
2025-05-17 06:48:30,0.3084326138878364,0,安全,绿色,无,无,0,,,,,,,,,,,,,,,,,,,,
2025-05-17 06:49:00,0.333782710535576,0,安全,绿色,无,无,0,,,,,,,,,,,,,,,,,,,,
2025-05-17 06:49:30,0.3530078382516445,0,安全,绿色,无,无,0,,,,,,,,,,,,,,,,,,,,
2025-05-17 06:50:00,0.4679804980822208,0,安全,绿色,无,无,0,,,,,,,,,,,,,,,,,,,,
2025-05-17 06:50:30,0.3076060776688431,0,安全,绿色,无,无,0,,,,,,,,,,,,,,,,,,,,
2025-05-17 06:51:00,0.3465587108344712,0,安全,绿色,无,无,0,,,,,,,,,,,,,,,,,,,,
2025-05-17 06:51:30,0.3670364907596492,0,安全,绿色,无,无,0,,,,,,,,,,,,,,,,,,,,
2025-05-17 06:52:00,0.3541723200087044,0,安全,绿色,无,无,0,,,,,,,,,,,,,,,,,,,,
2025-05-17 06:52:30,0.3584884475738237,0,安全,绿色,无,无,0,,,,,,,,,,,,,,,,,,,,
2025-05-17 06:53:00,0.3929966214403749,0,安全,绿色,无,无,0,,,,,,,,,,,,,,,,,,,,
2025-05-17 06:53:30,0.3296872941713085,0,安全,绿色,无,无,0,,,,,,,,,,,,,,,,,,,,
2025-05-17 06:54:00,0.3531808862098698,0,安全,绿色,无,无,0,,,,,,,,,,,,,,,,,,,,
2025-05-17 06:54:30,0.5698735120317733,0,安全,绿色,无,无,0,,,,,,,,,,,,,,,,,,,,
2025-05-17 06:55:00,0.2696195371404115,0,安全,绿色,无,无,0,,,,,,,,,,,,,,,,,,,,
2025-05-17 06:55:30,0.3114132477028159,0,安全,绿色,无,无,0,,,,,,,,,,,,,,,,,,,,
2025-05-17 06:56:00,0.3774705211913162,0,安全,绿色,无,无,0,,,,,,,,,,,,,,,,,,,,
2025-05-17 06:56:30,0.2885151946330053,0,安全,绿色,无,无,0,,,,,,,,,,,,,,,,,,,,
2025-05-17 06:57:00,0.9688568464912756,1,警告,黄色,轧制区,轧制区_力传感器_轧制力,1,轧制区_力传感器_轧制力,轧制力异常,轧制力偏离预期值，可能设备或工艺异常,轧制力和轧制速度变化会影响成品厚度/宽度，进而影响热处理参数,检查轧机状态，调整轧制参数,,,,,,,,,,,,,,,
2025-05-17 06:57:30,0.4048063223201144,0,安全,绿色,无,无,0,,,,,,,,,,,,,,,,,,,,
2025-05-17 06:58:00,0.3614460239150745,0,安全,绿色,无,无,0,,,,,,,,,,,,,,,,,,,,
2025-05-17 06:58:30,0.3389920637712946,0,安全,绿色,无,无,0,,,,,,,,,,,,,,,,,,,,
2025-05-17 06:59:00,0.3489677844878605,0,安全,绿色,无,无,0,,,,,,,,,,,,,,,,,,,,
2025-05-17 06:59:30,0.3114132477028159,0,安全,绿色,无,无,0,,,,,,,,,,,,,,,,,,,,
2025-05-17 07:00:00,0.3296872941713085,0,安全,绿色,无,无,0,,,,,,,,,,,,,,,,,,,,
2025-05-17 07:00:30,0.2951772253347315,0,安全,绿色,无,无,0,,,,,,,,,,,,,,,,,,,,
2025-05-17 07:01:00,0.2975103322200048,0,安全,绿色,无,无,0,,,,,,,,,,,,,,,,,,,,
2025-05-17 07:01:30,0.2962401091327173,0,安全,绿色,无,无,0,,,,,,,,,,,,,,,,,,,,
2025-05-17 07:02:00,0.2808316555037846,0,安全,绿色,无,无,0,,,,,,,,,,,,,,,,,,,,
2025-05-17 07:02:30,0.3030682031936323,0,安全,绿色,无,无,0,,,,,,,,,,,,,,,,,,,,
2025-05-17 07:03:00,0.3284580618814158,0,安全,绿色,无,无,0,,,,,,,,,,,,,,,,,,,,
2025-05-17 07:03:30,0.2993870690202049,0,安全,绿色,无,无,0,,,,,,,,,,,,,,,,,,,,
2025-05-17 07:04:00,0.2808474439751013,0,安全,绿色,无,无,0,,,,,,,,,,,,,,,,,,,,
2025-05-17 07:04:30,0.2694977735739006,0,安全,绿色,无,无,0,,,,,,,,,,,,,,,,,,,,
2025-05-17 07:05:00,0.266688060792738,0,安全,绿色,无,无,0,,,,,,,,,,,,,,,,,,,,
2025-05-17 07:05:30,0.3026753167824199,0,安全,绿色,无,无,0,,,,,,,,,,,,,,,,,,,,
2025-05-17 07:06:00,0.2552103774443731,0,安全,绿色,无,无,0,,,,,,,,,,,,,,,,,,,,
2025-05-17 07:06:30,0.266688060792738,0,安全,绿色,无,无,0,,,,,,,,,,,,,,,,,,,,
2025-05-17 07:07:00,0.3533621432464092,0,安全,绿色,无,无,0,,,,,,,,,,,,,,,,,,,,
2025-05-17 07:07:30,0.302167063153168,0,安全,绿色,无,无,0,,,,,,,,,,,,,,,,,,,,
2025-05-17 07:08:00,0.2949171495435018,0,安全,绿色,无,无,0,,,,,,,,,,,,,,,,,,,,
2025-05-17 07:08:30,0.2783144851750717,0,安全,绿色,无,无,0,,,,,,,,,,,,,,,,,,,,
2025-05-17 07:09:00,0.3082631830443013,0,安全,绿色,无,无,0,,,,,,,,,,,,,,,,,,,,
2025-05-17 07:09:30,0.3420481282597171,0,安全,绿色,无,无,0,,,,,,,,,,,,,,,,,,,,
2025-05-17 07:10:00,0.2615407263309612,0,安全,绿色,无,无,0,,,,,,,,,,,,,,,,,,,,
2025-05-17 07:10:30,0.3003636902772624,0,安全,绿色,无,无,0,,,,,,,,,,,,,,,,,,,,
2025-05-17 07:11:00,0.2645986359676048,0,安全,绿色,无,无,0,,,,,,,,,,,,,,,,,,,,
2025-05-17 07:11:30,0.2923219970714507,0,安全,绿色,无,无,0,,,,,,,,,,,,,,,,,,,,
2025-05-17 07:12:00,0.2423856585681541,0,安全,绿色,无,无,0,,,,,,,,,,,,,,,,,,,,
2025-05-17 07:12:30,1.075927671420749,1,警告,黄色,轧制区,轧制区_力传感器_轧制力,1,轧制区_力传感器_轧制力,轧制力异常,轧制力偏离预期值，可能设备或工艺异常,轧制力和轧制速度变化会影响成品厚度/宽度，进而影响热处理参数,检查轧机状态，调整轧制参数,,,,,,,,,,,,,,,
2025-05-17 07:13:00,0.2882616265483316,0,安全,绿色,无,无,0,,,,,,,,,,,,,,,,,,,,
2025-05-17 07:13:30,0.30746944757961,0,安全,绿色,无,无,0,,,,,,,,,,,,,,,,,,,,
2025-05-17 07:14:00,0.3737948646235648,0,安全,绿色,无,无,0,,,,,,,,,,,,,,,,,,,,
2025-05-17 07:14:30,0.284526448699712,0,安全,绿色,无,无,0,,,,,,,,,,,,,,,,,,,,
2025-05-17 07:15:00,0.3228588062543506,0,安全,绿色,无,无,0,,,,,,,,,,,,,,,,,,,,
2025-05-17 07:15:30,0.2731933086234288,0,安全,绿色,无,无,0,,,,,,,,,,,,,,,,,,,,
2025-05-17 07:16:00,0.2994733890615393,0,安全,绿色,无,无,0,,,,,,,,,,,,,,,,,,,,
2025-05-17 07:16:30,0.3249827998676409,0,安全,绿色,无,无,0,,,,,,,,,,,,,,,,,,,,
2025-05-17 07:17:00,0.3249827998676409,0,安全,绿色,无,无,0,,,,,,,,,,,,,,,,,,,,
2025-05-17 07:17:30,0.2637284184830903,0,安全,绿色,无,无,0,,,,,,,,,,,,,,,,,,,,
2025-05-17 07:18:00,0.325424134131713,0,安全,绿色,无,无,0,,,,,,,,,,,,,,,,,,,,
2025-05-17 07:18:30,0.3149653099850814,0,安全,绿色,无,无,0,,,,,,,,,,,,,,,,,,,,
2025-05-17 07:19:00,0.2596157812847135,0,安全,绿色,无,无,0,,,,,,,,,,,,,,,,,,,,
2025-05-17 07:19:30,0.5678294876016874,0,安全,绿色,无,无,0,,,,,,,,,,,,,,,,,,,,
2025-05-17 07:20:00,0.7136451036707152,0,安全,绿色,无,无,0,,,,,,,,,,,,,,,,,,,,
2025-05-17 07:20:30,0.4445304342465873,0,安全,绿色,无,无,0,,,,,,,,,,,,,,,,,,,,
2025-05-17 07:21:00,0.5175597859402054,0,安全,绿色,无,无,0,,,,,,,,,,,,,,,,,,,,
2025-05-17 07:21:30,0.4820815004550358,0,安全,绿色,无,无,0,,,,,,,,,,,,,,,,,,,,
2025-05-17 07:22:00,0.4319545321417559,0,安全,绿色,无,无,0,,,,,,,,,,,,,,,,,,,,
2025-05-17 07:22:30,0.4440573663288977,0,安全,绿色,无,无,0,,,,,,,,,,,,,,,,,,,,
2025-05-17 07:23:00,0.4236274522883038,0,安全,绿色,无,无,0,,,,,,,,,,,,,,,,,,,,
2025-05-17 07:23:30,0.6513678540222594,0,安全,绿色,无,无,0,,,,,,,,,,,,,,,,,,,,
2025-05-17 07:24:00,0.4147783874714018,0,安全,绿色,无,无,0,,,,,,,,,,,,,,,,,,,,
2025-05-17 07:24:30,0.3644478780384094,0,安全,绿色,无,无,0,,,,,,,,,,,,,,,,,,,,
2025-05-17 07:25:00,0.3236968656417346,0,安全,绿色,无,无,0,,,,,,,,,,,,,,,,,,,,
2025-05-17 07:25:30,0.3484401282405767,0,安全,绿色,无,无,0,,,,,,,,,,,,,,,,,,,,
2025-05-17 07:26:00,0.3402095007080577,0,安全,绿色,无,无,0,,,,,,,,,,,,,,,,,,,,
2025-05-17 07:26:30,0.377498148485974,0,安全,绿色,无,无,0,,,,,,,,,,,,,,,,,,,,
2025-05-17 07:27:00,0.2869215440971182,0,安全,绿色,无,无,0,,,,,,,,,,,,,,,,,,,,
2025-05-17 07:27:30,0.3089857008452844,0,安全,绿色,无,无,0,,,,,,,,,,,,,,,,,,,,
2025-05-17 07:28:00,1.0732193920299309,1,警告,黄色,轧制区,轧制区_力传感器_轧制力,1,轧制区_力传感器_轧制力,轧制力异常,轧制力偏离预期值，可能设备或工艺异常,轧制力和轧制速度变化会影响成品厚度/宽度，进而影响热处理参数,检查轧机状态，调整轧制参数,,,,,,,,,,,,,,,
2025-05-17 07:28:30,0.2995177571412585,0,安全,绿色,无,无,0,,,,,,,,,,,,,,,,,,,,
2025-05-17 07:29:00,0.3016679441229196,0,安全,绿色,无,无,0,,,,,,,,,,,,,,,,,,,,
2025-05-17 07:29:30,0.2746162384657583,0,安全,绿色,无,无,0,,,,,,,,,,,,,,,,,,,,
2025-05-17 07:30:00,0.29274127526905,0,安全,绿色,无,无,0,,,,,,,,,,,,,,,,,,,,
2025-05-17 07:30:30,0.3423249654069096,0,安全,绿色,无,无,0,,,,,,,,,,,,,,,,,,,,
2025-05-17 07:31:00,0.3348398045114436,0,安全,绿色,无,无,0,,,,,,,,,,,,,,,,,,,,
2025-05-17 07:31:30,0.3848400550022419,0,安全,绿色,无,无,0,,,,,,,,,,,,,,,,,,,,
2025-05-17 07:32:00,0.3015360771559381,0,安全,绿色,无,无,0,,,,,,,,,,,,,,,,,,,,
2025-05-17 07:32:30,0.4257167034407433,0,安全,绿色,无,无,0,,,,,,,,,,,,,,,,,,,,
2025-05-17 07:33:00,0.3089857008452844,0,安全,绿色,无,无,0,,,,,,,,,,,,,,,,,,,,
2025-05-17 07:33:30,0.3759565415828187,0,安全,绿色,无,无,0,,,,,,,,,,,,,,,,,,,,
2025-05-17 07:34:00,0.3296666168023048,0,安全,绿色,无,无,0,,,,,,,,,,,,,,,,,,,,
2025-05-17 07:34:30,0.291281430572487,0,安全,绿色,无,无,0,,,,,,,,,,,,,,,,,,,,
2025-05-17 07:35:00,0.2859106347704831,0,安全,绿色,无,无,0,,,,,,,,,,,,,,,,,,,,
2025-05-17 07:35:30,0.3164865767257073,0,安全,绿色,无,无,0,,,,,,,,,,,,,,,,,,,,
2025-05-17 07:36:00,0.234346203270922,0,安全,绿色,无,无,0,,,,,,,,,,,,,,,,,,,,
2025-05-17 07:36:30,0.2533956530133078,0,安全,绿色,无,无,0,,,,,,,,,,,,,,,,,,,,
2025-05-17 07:37:00,0.2759019379242821,0,安全,绿色,无,无,0,,,,,,,,,,,,,,,,,,,,
2025-05-17 07:37:30,0.2390603229530145,0,安全,绿色,无,无,0,,,,,,,,,,,,,,,,,,,,
2025-05-17 07:38:00,0.2567940505060077,0,安全,绿色,无,无,0,,,,,,,,,,,,,,,,,,,,
2025-05-17 07:38:30,0.3291781144984516,0,安全,绿色,无,无,0,,,,,,,,,,,,,,,,,,,,
2025-05-17 07:39:00,0.2863119557013959,0,安全,绿色,无,无,0,,,,,,,,,,,,,,,,,,,,
2025-05-17 07:39:30,0.2245290321234221,0,安全,绿色,无,无,0,,,,,,,,,,,,,,,,,,,,
2025-05-17 07:40:00,0.2340198515413803,0,安全,绿色,无,无,0,,,,,,,,,,,,,,,,,,,,
2025-05-17 07:40:30,0.2436188829963101,0,安全,绿色,无,无,0,,,,,,,,,,,,,,,,,,,,
2025-05-17 07:41:00,0.235955466298207,0,安全,绿色,无,无,0,,,,,,,,,,,,,,,,,,,,
2025-05-17 07:41:30,0.3804416414633473,0,安全,绿色,无,无,0,,,,,,,,,,,,,,,,,,,,
2025-05-17 07:42:00,0.2830421705981237,0,安全,绿色,无,无,0,,,,,,,,,,,,,,,,,,,,
2025-05-17 07:42:30,0.3040485296015189,0,安全,绿色,无,无,0,,,,,,,,,,,,,,,,,,,,
2025-05-17 07:43:00,0.3056646536543869,0,安全,绿色,无,无,0,,,,,,,,,,,,,,,,,,,,
2025-05-17 07:43:30,0.3089471389090751,0,安全,绿色,无,无,0,,,,,,,,,,,,,,,,,,,,
2025-05-17 07:44:00,0.4429509685416664,0,安全,绿色,无,无,0,,,,,,,,,,,,,,,,,,,,
2025-05-17 07:44:30,0.3192201781911336,0,安全,绿色,无,无,0,,,,,,,,,,,,,,,,,,,,
2025-05-17 07:45:00,0.3192201781911336,0,安全,绿色,无,无,0,,,,,,,,,,,,,,,,,,,,
2025-05-17 07:45:30,0.3938731516956169,0,安全,绿色,无,无,0,,,,,,,,,,,,,,,,,,,,
2025-05-17 07:46:00,0.306364232103581,0,安全,绿色,无,无,0,,,,,,,,,,,,,,,,,,,,
2025-05-17 07:46:30,0.3264436553559515,0,安全,绿色,无,无,0,,,,,,,,,,,,,,,,,,,,
2025-05-17 07:47:00,0.2477010189582938,0,安全,绿色,无,无,0,,,,,,,,,,,,,,,,,,,,
2025-05-17 07:47:30,0.292487285753903,0,安全,绿色,无,无,0,,,,,,,,,,,,,,,,,,,,
2025-05-17 07:48:00,0.3442735816208923,0,安全,绿色,无,无,0,,,,,,,,,,,,,,,,,,,,
2025-05-17 07:48:30,0.3545423939293505,0,安全,绿色,无,无,0,,,,,,,,,,,,,,,,,,,,
2025-05-17 07:49:00,0.3925273684898081,0,安全,绿色,无,无,0,,,,,,,,,,,,,,,,,,,,
2025-05-17 07:49:30,0.3270563361643507,0,安全,绿色,无,无,0,,,,,,,,,,,,,,,,,,,,
2025-05-17 07:50:00,0.3960935886626338,0,安全,绿色,无,无,0,,,,,,,,,,,,,,,,,,,,
2025-05-17 07:50:30,0.3112316297327258,0,安全,绿色,无,无,0,,,,,,,,,,,,,,,,,,,,
2025-05-17 07:51:00,0.3337848135936452,0,安全,绿色,无,无,0,,,,,,,,,,,,,,,,,,,,
2025-05-17 07:51:30,0.363608905739497,0,安全,绿色,无,无,0,,,,,,,,,,,,,,,,,,,,
2025-05-17 07:52:00,0.4384518807583288,0,安全,绿色,无,无,0,,,,,,,,,,,,,,,,,,,,
2025-05-17 07:52:30,0.5420844278045228,0,安全,绿色,无,无,0,,,,,,,,,,,,,,,,,,,,
2025-05-17 07:53:00,0.5403930887030832,0,安全,绿色,无,无,0,,,,,,,,,,,,,,,,,,,,
2025-05-17 07:53:30,0.3916873543480235,0,安全,绿色,无,无,0,,,,,,,,,,,,,,,,,,,,
2025-05-17 07:54:00,0.4314376857286446,0,安全,绿色,无,无,0,,,,,,,,,,,,,,,,,,,,
2025-05-17 07:54:30,0.4949364435576642,0,安全,绿色,无,无,0,,,,,,,,,,,,,,,,,,,,
2025-05-17 07:55:00,0.5275769864948966,0,安全,绿色,无,无,0,,,,,,,,,,,,,,,,,,,,
2025-05-17 07:55:30,0.380864976728252,0,安全,绿色,无,无,0,,,,,,,,,,,,,,,,,,,,
2025-05-17 07:56:00,0.3916873543480235,0,安全,绿色,无,无,0,,,,,,,,,,,,,,,,,,,,
2025-05-17 07:56:30,0.4975027799674215,0,安全,绿色,无,无,0,,,,,,,,,,,,,,,,,,,,
2025-05-17 07:57:00,0.4949364435576642,0,安全,绿色,无,无,0,,,,,,,,,,,,,,,,,,,,
2025-05-17 07:57:30,0.5882766995433607,0,安全,绿色,无,无,0,,,,,,,,,,,,,,,,,,,,
2025-05-17 07:58:00,0.6121590298405408,0,安全,绿色,无,无,0,,,,,,,,,,,,,,,,,,,,
2025-05-17 07:58:30,0.5605188764203068,0,安全,绿色,无,无,0,,,,,,,,,,,,,,,,,,,,
2025-05-17 07:59:00,0.525526436055916,0,安全,绿色,无,无,0,,,,,,,,,,,,,,,,,,,,
2025-05-17 07:59:30,0.5091408347647716,0,安全,绿色,无,无,0,,,,,,,,,,,,,,,,,,,,
2025-05-17 08:00:00,0.5449420241154308,0,安全,绿色,无,无,0,,,,,,,,,,,,,,,,,,,,
2025-05-17 08:00:30,0.5621205099546961,0,安全,绿色,无,无,0,,,,,,,,,,,,,,,,,,,,
2025-05-17 08:01:00,0.5605188764203068,0,安全,绿色,无,无,0,,,,,,,,,,,,,,,,,,,,
2025-05-17 08:01:30,0.4525615246973604,0,安全,绿色,无,无,0,,,,,,,,,,,,,,,,,,,,
2025-05-17 08:02:00,0.5132092513676478,0,安全,绿色,无,无,0,,,,,,,,,,,,,,,,,,,,
2025-05-17 08:02:30,0.3937783339796138,0,安全,绿色,无,无,0,,,,,,,,,,,,,,,,,,,,
2025-05-17 08:03:00,0.4166931375742887,0,安全,绿色,无,无,0,,,,,,,,,,,,,,,,,,,,
2025-05-17 08:03:30,0.3924064136178243,0,安全,绿色,无,无,0,,,,,,,,,,,,,,,,,,,,
2025-05-17 08:04:00,0.4149001487272478,0,安全,绿色,无,无,0,,,,,,,,,,,,,,,,,,,,
2025-05-17 08:04:30,0.3679713906161561,0,安全,绿色,无,无,0,,,,,,,,,,,,,,,,,,,,
2025-05-17 08:05:00,0.3298333575790866,0,安全,绿色,无,无,0,,,,,,,,,,,,,,,,,,,,
2025-05-17 08:05:30,0.299551584461291,0,安全,绿色,无,无,0,,,,,,,,,,,,,,,,,,,,
2025-05-17 08:06:00,0.3767719487478984,0,安全,绿色,无,无,0,,,,,,,,,,,,,,,,,,,,
2025-05-17 08:06:30,0.3534251034186892,0,安全,绿色,无,无,0,,,,,,,,,,,,,,,,,,,,
2025-05-17 08:07:00,0.3259173803391709,0,安全,绿色,无,无,0,,,,,,,,,,,,,,,,,,,,
2025-05-17 08:07:30,0.3863217658476516,0,安全,绿色,无,无,0,,,,,,,,,,,,,,,,,,,,
2025-05-17 08:08:00,0.2416504108354406,0,安全,绿色,无,无,0,,,,,,,,,,,,,,,,,,,,
2025-05-17 08:08:30,0.3578686551539678,0,安全,绿色,无,无,0,,,,,,,,,,,,,,,,,,,,
2025-05-17 08:09:00,0.2425746596947784,0,安全,绿色,无,无,0,,,,,,,,,,,,,,,,,,,,
2025-05-17 08:09:30,0.2259253085396828,0,安全,绿色,无,无,0,,,,,,,,,,,,,,,,,,,,
2025-05-17 08:10:00,0.3124593717493382,0,安全,绿色,无,无,0,,,,,,,,,,,,,,,,,,,,
2025-05-17 08:10:30,0.365593165448116,0,安全,绿色,无,无,0,,,,,,,,,,,,,,,,,,,,
2025-05-17 08:11:00,0.2768365617530442,0,安全,绿色,无,无,0,,,,,,,,,,,,,,,,,,,,
2025-05-17 08:11:30,0.2637921522359129,0,安全,绿色,无,无,0,,,,,,,,,,,,,,,,,,,,
2025-05-17 08:12:00,0.3252574912138956,0,安全,绿色,无,无,0,,,,,,,,,,,,,,,,,,,,
2025-05-17 08:12:30,0.2608487842080292,0,安全,绿色,无,无,0,,,,,,,,,,,,,,,,,,,,
2025-05-17 08:13:00,0.3698575801331594,0,安全,绿色,无,无,0,,,,,,,,,,,,,,,,,,,,
2025-05-17 08:13:30,0.3202153547883191,0,安全,绿色,无,无,0,,,,,,,,,,,,,,,,,,,,
2025-05-17 08:14:00,0.989098396669673,1,警告,黄色,轧制区,轧制区_力传感器_轧制力,1,轧制区_力传感器_轧制力,轧制力异常,轧制力偏离预期值，可能设备或工艺异常,轧制力和轧制速度变化会影响成品厚度/宽度，进而影响热处理参数,检查轧机状态，调整轧制参数,,,,,,,,,,,,,,,
2025-05-17 08:14:30,0.2950063603055659,0,安全,绿色,无,无,0,,,,,,,,,,,,,,,,,,,,
2025-05-17 08:15:00,0.2799922634796533,0,安全,绿色,无,无,0,,,,,,,,,,,,,,,,,,,,
2025-05-17 08:15:30,0.4138883716092008,0,安全,绿色,无,无,0,,,,,,,,,,,,,,,,,,,,
2025-05-17 08:16:00,0.2684530560304746,0,安全,绿色,无,无,0,,,,,,,,,,,,,,,,,,,,
2025-05-17 08:16:30,0.3432283129356693,0,安全,绿色,无,无,0,,,,,,,,,,,,,,,,,,,,
2025-05-17 08:17:00,0.263601271981756,0,安全,绿色,无,无,0,,,,,,,,,,,,,,,,,,,,
2025-05-17 08:17:30,0.2759677280125613,0,安全,绿色,无,无,0,,,,,,,,,,,,,,,,,,,,
2025-05-17 08:18:00,0.3490120523575508,0,安全,绿色,无,无,0,,,,,,,,,,,,,,,,,,,,
2025-05-17 08:18:30,0.2496956569545306,0,安全,绿色,无,无,0,,,,,,,,,,,,,,,,,,,,
2025-05-17 08:19:00,0.2789729372767999,0,安全,绿色,无,无,0,,,,,,,,,,,,,,,,,,,,
2025-05-17 08:19:30,0.2262558254921109,0,安全,绿色,无,无,0,,,,,,,,,,,,,,,,,,,,
2025-05-17 08:20:00,0.2789729372767999,0,安全,绿色,无,无,0,,,,,,,,,,,,,,,,,,,,
2025-05-17 08:20:30,0.2648548747690567,0,安全,绿色,无,无,0,,,,,,,,,,,,,,,,,,,,
2025-05-17 08:21:00,0.343090421885192,0,安全,绿色,无,无,0,,,,,,,,,,,,,,,,,,,,
2025-05-17 08:21:30,0.3286698339408213,0,安全,绿色,无,无,0,,,,,,,,,,,,,,,,,,,,
2025-05-17 08:22:00,0.3393279898199043,0,安全,绿色,无,无,0,,,,,,,,,,,,,,,,,,,,
2025-05-17 08:22:30,0.2879587425649971,0,安全,绿色,无,无,0,,,,,,,,,,,,,,,,,,,,
2025-05-17 08:23:00,0.263601271981756,0,安全,绿色,无,无,0,,,,,,,,,,,,,,,,,,,,
2025-05-17 08:23:30,0.2483352516922962,0,安全,绿色,无,无,0,,,,,,,,,,,,,,,,,,,,
2025-05-17 08:24:00,0.3115751302384135,0,安全,绿色,无,无,0,,,,,,,,,,,,,,,,,,,,
2025-05-17 08:24:30,0.3168841686773248,0,安全,绿色,无,无,0,,,,,,,,,,,,,,,,,,,,
2025-05-17 08:25:00,0.285259166034036,0,安全,绿色,无,无,0,,,,,,,,,,,,,,,,,,,,
2025-05-17 08:25:30,0.3118063256609836,0,安全,绿色,无,无,0,,,,,,,,,,,,,,,,,,,,
2025-05-17 08:26:00,0.3420350404064822,0,安全,绿色,无,无,0,,,,,,,,,,,,,,,,,,,,
2025-05-17 08:26:30,0.2728614352728533,0,安全,绿色,无,无,0,,,,,,,,,,,,,,,,,,,,
2025-05-17 08:27:00,0.3026635676500331,0,安全,绿色,无,无,0,,,,,,,,,,,,,,,,,,,,
2025-05-17 08:27:30,0.3582747110138581,0,安全,绿色,无,无,0,,,,,,,,,,,,,,,,,,,,
2025-05-17 08:28:00,0.3692559803532747,0,安全,绿色,无,无,0,,,,,,,,,,,,,,,,,,,,
2025-05-17 08:28:30,0.3492340855335721,0,安全,绿色,无,无,0,,,,,,,,,,,,,,,,,,,,
2025-05-17 08:29:00,0.3593392194574253,0,安全,绿色,无,无,0,,,,,,,,,,,,,,,,,,,,
2025-05-17 08:29:30,0.3421201742412349,0,安全,绿色,无,无,0,,,,,,,,,,,,,,,,,,,,
2025-05-17 08:30:00,0.3523575305082294,0,安全,绿色,无,无,0,,,,,,,,,,,,,,,,,,,,
2025-05-17 08:30:30,0.4838216603540718,0,安全,绿色,无,无,0,,,,,,,,,,,,,,,,,,,,
2025-05-17 08:31:00,0.5331847041474664,0,安全,绿色,无,无,0,,,,,,,,,,,,,,,,,,,,
2025-05-17 08:31:30,0.5290420034511112,0,安全,绿色,无,无,0,,,,,,,,,,,,,,,,,,,,
2025-05-17 08:32:00,0.4844755157695505,0,安全,绿色,无,无,0,,,,,,,,,,,,,,,,,,,,
2025-05-17 08:32:30,0.3786251793615123,0,安全,绿色,无,无,0,,,,,,,,,,,,,,,,,,,,
2025-05-17 08:33:00,0.4224358174293162,0,安全,绿色,无,无,0,,,,,,,,,,,,,,,,,,,,
2025-05-17 08:33:30,0.4314530657034986,0,安全,绿色,无,无,0,,,,,,,,,,,,,,,,,,,,
2025-05-17 08:34:00,0.4203878116979178,0,安全,绿色,无,无,0,,,,,,,,,,,,,,,,,,,,
2025-05-17 08:34:30,0.4269154277118711,0,安全,绿色,无,无,0,,,,,,,,,,,,,,,,,,,,
2025-05-17 08:35:00,0.4269154277118711,0,安全,绿色,无,无,0,,,,,,,,,,,,,,,,,,,,
2025-05-17 08:35:30,0.5281088657281606,0,安全,绿色,无,无,0,,,,,,,,,,,,,,,,,,,,
2025-05-17 08:36:00,0.5220787673727884,0,安全,绿色,无,无,0,,,,,,,,,,,,,,,,,,,,
2025-05-17 08:36:30,0.4579475617715607,0,安全,绿色,无,无,0,,,,,,,,,,,,,,,,,,,,
2025-05-17 08:37:00,0.4180337179496972,0,安全,绿色,无,无,0,,,,,,,,,,,,,,,,,,,,
2025-05-17 08:37:30,0.567773451822654,0,安全,绿色,无,无,0,,,,,,,,,,,,,,,,,,,,
2025-05-17 08:38:00,0.3439034688083899,0,安全,绿色,无,无,0,,,,,,,,,,,,,,,,,,,,
2025-05-17 08:38:30,0.3501417103496664,0,安全,绿色,无,无,0,,,,,,,,,,,,,,,,,,,,
2025-05-17 08:39:00,0.3794977672220107,0,安全,绿色,无,无,0,,,,,,,,,,,,,,,,,,,,
2025-05-17 08:39:30,0.5364656096951591,0,安全,绿色,无,无,0,,,,,,,,,,,,,,,,,,,,
2025-05-17 08:40:00,0.4435044588411665,0,安全,绿色,无,无,0,,,,,,,,,,,,,,,,,,,,
2025-05-17 08:40:30,0.3328627035269999,0,安全,绿色,无,无,0,,,,,,,,,,,,,,,,,,,,
2025-05-17 08:41:00,0.2925543912781176,0,安全,绿色,无,无,0,,,,,,,,,,,,,,,,,,,,
2025-05-17 08:41:30,0.2971458560860668,0,安全,绿色,无,无,0,,,,,,,,,,,,,,,,,,,,
2025-05-17 08:42:00,0.3073859835656413,0,安全,绿色,无,无,0,,,,,,,,,,,,,,,,,,,,
2025-05-17 08:42:30,0.3474208094254128,0,安全,绿色,无,无,0,,,,,,,,,,,,,,,,,,,,
2025-05-17 08:43:00,0.3419594350605053,0,安全,绿色,无,无,0,,,,,,,,,,,,,,,,,,,,
2025-05-17 08:43:30,0.2782323188313739,0,安全,绿色,无,无,0,,,,,,,,,,,,,,,,,,,,
2025-05-17 08:44:00,0.2891669957229003,0,安全,绿色,无,无,0,,,,,,,,,,,,,,,,,,,,
2025-05-17 08:44:30,0.3008905879657431,0,安全,绿色,无,无,0,,,,,,,,,,,,,,,,,,,,
2025-05-17 08:45:00,0.9587605266894654,1,警告,黄色,轧制区,轧制区_力传感器_轧制力,1,轧制区_力传感器_轧制力,轧制力异常,轧制力偏离预期值，可能设备或工艺异常,轧制力和轧制速度变化会影响成品厚度/宽度，进而影响热处理参数,检查轧机状态，调整轧制参数,,,,,,,,,,,,,,,
2025-05-17 08:45:30,0.3117673568326931,0,安全,绿色,无,无,0,,,,,,,,,,,,,,,,,,,,
2025-05-17 08:46:00,0.353404779628345,0,安全,绿色,无,无,0,,,,,,,,,,,,,,,,,,,,
2025-05-17 08:46:30,0.3102944838197654,0,安全,绿色,无,无,0,,,,,,,,,,,,,,,,,,,,
2025-05-17 08:47:00,0.3396952218516286,0,安全,绿色,无,无,0,,,,,,,,,,,,,,,,,,,,
2025-05-17 08:47:30,0.3164175906555784,0,安全,绿色,无,无,0,,,,,,,,,,,,,,,,,,,,
2025-05-17 08:48:00,0.2958982472124767,0,安全,绿色,无,无,0,,,,,,,,,,,,,,,,,,,,
2025-05-17 08:48:30,0.3036608815587299,0,安全,绿色,无,无,0,,,,,,,,,,,,,,,,,,,,
2025-05-17 08:49:00,0.2738522116934203,0,安全,绿色,无,无,0,,,,,,,,,,,,,,,,,,,,
2025-05-17 08:49:30,0.2883979903317853,0,安全,绿色,无,无,0,,,,,,,,,,,,,,,,,,,,
2025-05-17 08:50:00,0.2489187418448819,0,安全,绿色,无,无,0,,,,,,,,,,,,,,,,,,,,
2025-05-17 08:50:30,0.3873801937700757,0,安全,绿色,无,无,0,,,,,,,,,,,,,,,,,,,,
2025-05-17 08:51:00,0.3726428745092838,0,安全,绿色,无,无,0,,,,,,,,,,,,,,,,,,,,
2025-05-17 08:51:30,0.3115287363035292,0,安全,绿色,无,无,0,,,,,,,,,,,,,,,,,,,,
2025-05-17 08:52:00,0.268083983916454,0,安全,绿色,无,无,0,,,,,,,,,,,,,,,,,,,,
2025-05-17 08:52:30,0.2405193229790315,0,安全,绿色,无,无,0,,,,,,,,,,,,,,,,,,,,
2025-05-17 08:53:00,0.2583187461112297,0,安全,绿色,无,无,0,,,,,,,,,,,,,,,,,,,,
2025-05-17 08:53:30,0.2957997867019697,0,安全,绿色,无,无,0,,,,,,,,,,,,,,,,,,,,
2025-05-17 08:54:00,0.2675521262160731,0,安全,绿色,无,无,0,,,,,,,,,,,,,,,,,,,,
2025-05-17 08:54:30,0.2899688299930161,0,安全,绿色,无,无,0,,,,,,,,,,,,,,,,,,,,
2025-05-17 08:55:00,0.2489187418448819,0,安全,绿色,无,无,0,,,,,,,,,,,,,,,,,,,,
2025-05-17 08:55:30,0.2756053695949758,0,安全,绿色,无,无,0,,,,,,,,,,,,,,,,,,,,
2025-05-17 08:56:00,0.3034246433593084,0,安全,绿色,无,无,0,,,,,,,,,,,,,,,,,,,,
2025-05-17 08:56:30,0.3313609204602779,0,安全,绿色,无,无,0,,,,,,,,,,,,,,,,,,,,
2025-05-17 08:57:00,0.340059974386423,0,安全,绿色,无,无,0,,,,,,,,,,,,,,,,,,,,
2025-05-17 08:57:30,0.3820986656779616,0,安全,绿色,无,无,0,,,,,,,,,,,,,,,,,,,,
2025-05-17 08:58:00,0.3041360422895511,0,安全,绿色,无,无,0,,,,,,,,,,,,,,,,,,,,
2025-05-17 08:58:30,0.340059974386423,0,安全,绿色,无,无,0,,,,,,,,,,,,,,,,,,,,
2025-05-17 08:59:00,0.3206025948841607,0,安全,绿色,无,无,0,,,,,,,,,,,,,,,,,,,,
2025-05-17 08:59:30,0.3851593649141103,0,安全,绿色,无,无,0,,,,,,,,,,,,,,,,,,,,
2025-05-17 09:00:00,0.7492439623734763,0,安全,绿色,无,无,0,,,,,,,,,,,,,,,,,,,,
2025-05-17 09:00:30,0.3233945700211145,0,安全,绿色,无,无,0,,,,,,,,,,,,,,,,,,,,
2025-05-17 09:01:00,0.3041360422895511,0,安全,绿色,无,无,0,,,,,,,,,,,,,,,,,,,,
2025-05-17 09:01:30,0.2816619321575257,0,安全,绿色,无,无,0,,,,,,,,,,,,,,,,,,,,
2025-05-17 09:02:00,0.3135452113380266,0,安全,绿色,无,无,0,,,,,,,,,,,,,,,,,,,,
2025-05-17 09:02:30,0.4278025836046144,0,安全,绿色,无,无,0,,,,,,,,,,,,,,,,,,,,
2025-05-17 09:03:00,0.3310066786810131,0,安全,绿色,无,无,0,,,,,,,,,,,,,,,,,,,,
2025-05-17 09:03:30,0.2816619321575257,0,安全,绿色,无,无,0,,,,,,,,,,,,,,,,,,,,
2025-05-17 09:04:00,0.3015347697073079,0,安全,绿色,无,无,0,,,,,,,,,,,,,,,,,,,,
2025-05-17 09:04:30,0.3483942630442808,0,安全,绿色,无,无,0,,,,,,,,,,,,,,,,,,,,
2025-05-17 09:05:00,0.3085532271430888,0,安全,绿色,无,无,0,,,,,,,,,,,,,,,,,,,,
2025-05-17 09:05:30,0.3133983627138432,0,安全,绿色,无,无,0,,,,,,,,,,,,,,,,,,,,
2025-05-17 09:06:00,0.2592546699279433,0,安全,绿色,无,无,0,,,,,,,,,,,,,,,,,,,,
2025-05-17 09:06:30,0.2868850741669586,0,安全,绿色,无,无,0,,,,,,,,,,,,,,,,,,,,
2025-05-17 09:07:00,0.3067299422593089,0,安全,绿色,无,无,0,,,,,,,,,,,,,,,,,,,,
2025-05-17 09:07:30,0.336825666917989,0,安全,绿色,无,无,0,,,,,,,,,,,,,,,,,,,,
2025-05-17 09:08:00,0.3291994134532248,0,安全,绿色,无,无,0,,,,,,,,,,,,,,,,,,,,
2025-05-17 09:08:30,0.3459118880949965,0,安全,绿色,无,无,0,,,,,,,,,,,,,,,,,,,,
2025-05-17 09:09:00,0.2938347466922698,0,安全,绿色,无,无,0,,,,,,,,,,,,,,,,,,,,
2025-05-17 09:09:30,0.3060641587989421,0,安全,绿色,无,无,0,,,,,,,,,,,,,,,,,,,,
2025-05-17 09:10:00,0.2692662133841765,0,安全,绿色,无,无,0,,,,,,,,,,,,,,,,,,,,
2025-05-17 09:10:30,0.2835522176290062,0,安全,绿色,无,无,0,,,,,,,,,,,,,,,,,,,,
2025-05-17 09:11:00,0.2493501284831504,0,安全,绿色,无,无,0,,,,,,,,,,,,,,,,,,,,
2025-05-17 09:11:30,0.2985600166247073,0,安全,绿色,无,无,0,,,,,,,,,,,,,,,,,,,,
2025-05-17 09:12:00,0.281843958432861,0,安全,绿色,无,无,0,,,,,,,,,,,,,,,,,,,,
2025-05-17 09:12:30,0.2462091157939694,0,安全,绿色,无,无,0,,,,,,,,,,,,,,,,,,,,
2025-05-17 09:13:00,0.3613029129125858,0,安全,绿色,无,无,0,,,,,,,,,,,,,,,,,,,,
2025-05-17 09:13:30,0.2493501284831504,0,安全,绿色,无,无,0,,,,,,,,,,,,,,,,,,,,
2025-05-17 09:14:00,0.3060641587989421,0,安全,绿色,无,无,0,,,,,,,,,,,,,,,,,,,,
2025-05-17 09:14:30,0.2797525900157456,0,安全,绿色,无,无,0,,,,,,,,,,,,,,,,,,,,
2025-05-17 09:15:00,0.3264878819610649,0,安全,绿色,无,无,0,,,,,,,,,,,,,,,,,,,,
2025-05-17 09:15:30,0.2770899760371892,0,安全,绿色,无,无,0,,,,,,,,,,,,,,,,,,,,
2025-05-17 09:16:00,1.033459111449414,1,警告,黄色,轧制区,轧制区_力传感器_轧制力,1,轧制区_力传感器_轧制力,轧制力异常,轧制力偏离预期值，可能设备或工艺异常,轧制力和轧制速度变化会影响成品厚度/宽度，进而影响热处理参数,检查轧机状态，调整轧制参数,,,,,,,,,,,,,,,
2025-05-17 09:16:30,0.2905996843955964,0,安全,绿色,无,无,0,,,,,,,,,,,,,,,,,,,,
2025-05-17 09:17:00,0.2754364764765293,0,安全,绿色,无,无,0,,,,,,,,,,,,,,,,,,,,
2025-05-17 09:17:30,0.284054029294053,0,安全,绿色,无,无,0,,,,,,,,,,,,,,,,,,,,
2025-05-17 09:18:00,0.3365882558090905,0,安全,绿色,无,无,0,,,,,,,,,,,,,,,,,,,,
2025-05-17 09:18:30,0.2911111570442656,0,安全,绿色,无,无,0,,,,,,,,,,,,,,,,,,,,
2025-05-17 09:19:00,0.3300858082592303,0,安全,绿色,无,无,0,,,,,,,,,,,,,,,,,,,,
2025-05-17 09:19:30,0.3137383235703412,0,安全,绿色,无,无,0,,,,,,,,,,,,,,,,,,,,
2025-05-17 09:20:00,0.3095106996514114,0,安全,绿色,无,无,0,,,,,,,,,,,,,,,,,,,,
2025-05-17 09:20:30,0.3095106996514114,0,安全,绿色,无,无,0,,,,,,,,,,,,,,,,,,,,
2025-05-17 09:21:00,0.2507140383802668,0,安全,绿色,无,无,0,,,,,,,,,,,,,,,,,,,,
2025-05-17 09:21:30,0.3626959350479927,0,安全,绿色,无,无,0,,,,,,,,,,,,,,,,,,,,
2025-05-17 09:22:00,0.4787321338587827,0,安全,绿色,无,无,0,,,,,,,,,,,,,,,,,,,,
2025-05-17 09:22:30,0.3632097847685642,0,安全,绿色,无,无,0,,,,,,,,,,,,,,,,,,,,
2025-05-17 09:23:00,0.4822180333554512,0,安全,绿色,无,无,0,,,,,,,,,,,,,,,,,,,,
2025-05-17 09:23:30,0.3887362047183107,0,安全,绿色,无,无,0,,,,,,,,,,,,,,,,,,,,
2025-05-17 09:24:00,0.3625467064977447,0,安全,绿色,无,无,0,,,,,,,,,,,,,,,,,,,,
2025-05-17 09:24:30,0.3673720570093036,0,安全,绿色,无,无,0,,,,,,,,,,,,,,,,,,,,
2025-05-17 09:25:00,0.372397366656772,0,安全,绿色,无,无,0,,,,,,,,,,,,,,,,,,,,
2025-05-17 09:25:30,0.5082317355930128,0,安全,绿色,无,无,0,,,,,,,,,,,,,,,,,,,,
2025-05-17 09:26:00,0.4412776121363937,0,安全,绿色,无,无,0,,,,,,,,,,,,,,,,,,,,
2025-05-17 09:26:30,0.4405027932058807,0,安全,绿色,无,无,0,,,,,,,,,,,,,,,,,,,,
2025-05-17 09:27:00,0.374212737384502,0,安全,绿色,无,无,0,,,,,,,,,,,,,,,,,,,,
2025-05-17 09:27:30,0.4709936850027892,0,安全,绿色,无,无,0,,,,,,,,,,,,,,,,,,,,
2025-05-17 09:28:00,0.4306971708277402,0,安全,绿色,无,无,0,,,,,,,,,,,,,,,,,,,,
2025-05-17 09:28:30,0.4161703014768352,0,安全,绿色,无,无,0,,,,,,,,,,,,,,,,,,,,
2025-05-17 09:29:00,0.4801650298335588,0,安全,绿色,无,无,0,,,,,,,,,,,,,,,,,,,,
2025-05-17 09:29:30,0.3929615607507123,0,安全,绿色,无,无,0,,,,,,,,,,,,,,,,,,,,
2025-05-17 09:30:00,0.3769030765640165,0,安全,绿色,无,无,0,,,,,,,,,,,,,,,,,,,,
2025-05-17 09:30:30,0.4306971708277402,0,安全,绿色,无,无,0,,,,,,,,,,,,,,,,,,,,
2025-05-17 09:31:00,0.4342287144993271,0,安全,绿色,无,无,0,,,,,,,,,,,,,,,,,,,,
2025-05-17 09:31:30,0.3944215980101613,0,安全,绿色,无,无,0,,,,,,,,,,,,,,,,,,,,
2025-05-17 09:32:00,0.4249841661598306,0,安全,绿色,无,无,0,,,,,,,,,,,,,,,,,,,,
2025-05-17 09:32:30,0.3852869677832897,0,安全,绿色,无,无,0,,,,,,,,,,,,,,,,,,,,
2025-05-17 09:33:00,0.4726161185588138,0,安全,绿色,无,无,0,,,,,,,,,,,,,,,,,,,,
2025-05-17 09:33:30,0.317406415612802,0,安全,绿色,无,无,0,,,,,,,,,,,,,,,,,,,,
2025-05-17 09:34:00,0.3115105591458857,0,安全,绿色,无,无,0,,,,,,,,,,,,,,,,,,,,
2025-05-17 09:34:30,0.2926786618253437,0,安全,绿色,无,无,0,,,,,,,,,,,,,,,,,,,,
2025-05-17 09:35:00,0.3581329240964056,0,安全,绿色,无,无,0,,,,,,,,,,,,,,,,,,,,
2025-05-17 09:35:30,0.3275184788987316,0,安全,绿色,无,无,0,,,,,,,,,,,,,,,,,,,,
2025-05-17 09:36:00,0.3541705392302435,0,安全,绿色,无,无,0,,,,,,,,,,,,,,,,,,,,
2025-05-17 09:36:30,0.2975228709613164,0,安全,绿色,无,无,0,,,,,,,,,,,,,,,,,,,,
2025-05-17 09:37:00,0.3338538140737154,0,安全,绿色,无,无,0,,,,,,,,,,,,,,,,,,,,
2025-05-17 09:37:30,0.3264883743247936,0,安全,绿色,无,无,0,,,,,,,,,,,,,,,,,,,,
2025-05-17 09:38:00,0.2624419312544146,0,安全,绿色,无,无,0,,,,,,,,,,,,,,,,,,,,
2025-05-17 09:38:30,0.2958924560616141,0,安全,绿色,无,无,0,,,,,,,,,,,,,,,,,,,,
2025-05-17 09:39:00,0.2944245181549626,0,安全,绿色,无,无,0,,,,,,,,,,,,,,,,,,,,
2025-05-17 09:39:30,0.2532524041559811,0,安全,绿色,无,无,0,,,,,,,,,,,,,,,,,,,,
2025-05-17 09:40:00,0.2510307129238992,0,安全,绿色,无,无,0,,,,,,,,,,,,,,,,,,,,
2025-05-17 09:40:30,0.2463290441219194,0,安全,绿色,无,无,0,,,,,,,,,,,,,,,,,,,,
2025-05-17 09:41:00,0.3127682221091058,0,安全,绿色,无,无,0,,,,,,,,,,,,,,,,,,,,
2025-05-17 09:41:30,0.2919967049531409,0,安全,绿色,无,无,0,,,,,,,,,,,,,,,,,,,,
2025-05-17 09:42:00,0.2856263850078372,0,安全,绿色,无,无,0,,,,,,,,,,,,,,,,,,,,
2025-05-17 09:42:30,0.2489976459081299,0,安全,绿色,无,无,0,,,,,,,,,,,,,,,,,,,,
2025-05-17 09:43:00,0.246185139398761,0,安全,绿色,无,无,0,,,,,,,,,,,,,,,,,,,,
2025-05-17 09:43:30,0.2452369542929798,0,安全,绿色,无,无,0,,,,,,,,,,,,,,,,,,,,
2025-05-17 09:44:00,0.2919967049531409,0,安全,绿色,无,无,0,,,,,,,,,,,,,,,,,,,,
2025-05-17 09:44:30,0.2617745220782236,0,安全,绿色,无,无,0,,,,,,,,,,,,,,,,,,,,
2025-05-17 09:45:00,0.2918499298219881,0,安全,绿色,无,无,0,,,,,,,,,,,,,,,,,,,,
2025-05-17 09:45:30,0.3597119569038365,0,安全,绿色,无,无,0,,,,,,,,,,,,,,,,,,,,
2025-05-17 09:46:00,0.3291280795840771,0,安全,绿色,无,无,0,,,,,,,,,,,,,,,,,,,,
2025-05-17 09:46:30,0.3641217507162275,0,安全,绿色,无,无,0,,,,,,,,,,,,,,,,,,,,
2025-05-17 09:47:00,1.0006033181065563,1,警告,黄色,轧制区,轧制区_力传感器_轧制力,1,轧制区_力传感器_轧制力,轧制力异常,轧制力偏离预期值，可能设备或工艺异常,轧制力和轧制速度变化会影响成品厚度/宽度，进而影响热处理参数,检查轧机状态，调整轧制参数,,,,,,,,,,,,,,,
2025-05-17 09:47:30,0.2533658324546746,0,安全,绿色,无,无,0,,,,,,,,,,,,,,,,,,,,
2025-05-17 09:48:00,0.3757073408605967,0,安全,绿色,无,无,0,,,,,,,,,,,,,,,,,,,,
2025-05-17 09:48:30,0.2944890797264939,0,安全,绿色,无,无,0,,,,,,,,,,,,,,,,,,,,
2025-05-17 09:49:00,0.3944686091098756,0,安全,绿色,无,无,0,,,,,,,,,,,,,,,,,,,,
2025-05-17 09:49:30,0.283531239776733,0,安全,绿色,无,无,0,,,,,,,,,,,,,,,,,,,,
2025-05-17 09:50:00,0.3175207486431785,0,安全,绿色,无,无,0,,,,,,,,,,,,,,,,,,,,
2025-05-17 09:50:30,0.283531239776733,0,安全,绿色,无,无,0,,,,,,,,,,,,,,,,,,,,
2025-05-17 09:51:00,0.262721130707708,0,安全,绿色,无,无,0,,,,,,,,,,,,,,,,,,,,
2025-05-17 09:51:30,0.3335459860673488,0,安全,绿色,无,无,0,,,,,,,,,,,,,,,,,,,,
2025-05-17 09:52:00,0.3237848578385438,0,安全,绿色,无,无,0,,,,,,,,,,,,,,,,,,,,
2025-05-17 09:52:30,0.2810317517596972,0,安全,绿色,无,无,0,,,,,,,,,,,,,,,,,,,,
2025-05-17 09:53:00,0.3684943206668617,0,安全,绿色,无,无,0,,,,,,,,,,,,,,,,,,,,
2025-05-17 09:53:30,0.368812165398524,0,安全,绿色,无,无,0,,,,,,,,,,,,,,,,,,,,
2025-05-17 09:54:00,0.3181575635516654,0,安全,绿色,无,无,0,,,,,,,,,,,,,,,,,,,,
2025-05-17 09:54:30,0.3264243491418331,0,安全,绿色,无,无,0,,,,,,,,,,,,,,,,,,,,
2025-05-17 09:55:00,0.3181575635516654,0,安全,绿色,无,无,0,,,,,,,,,,,,,,,,,,,,
2025-05-17 09:55:30,0.329909306693593,0,安全,绿色,无,无,0,,,,,,,,,,,,,,,,,,,,
2025-05-17 09:56:00,0.4428437759151437,0,安全,绿色,无,无,0,,,,,,,,,,,,,,,,,,,,
2025-05-17 09:56:30,0.5316452386759802,0,安全,绿色,无,无,0,,,,,,,,,,,,,,,,,,,,
2025-05-17 09:57:00,0.4826141684703354,0,安全,绿色,无,无,0,,,,,,,,,,,,,,,,,,,,
2025-05-17 09:57:30,0.4779740118179421,0,安全,绿色,无,无,0,,,,,,,,,,,,,,,,,,,,
2025-05-17 09:58:00,0.4986902950700772,0,安全,绿色,无,无,0,,,,,,,,,,,,,,,,,,,,
2025-05-17 09:58:30,0.4401883743673934,0,安全,绿色,无,无,0,,,,,,,,,,,,,,,,,,,,
2025-05-17 09:59:00,0.4779740118179421,0,安全,绿色,无,无,0,,,,,,,,,,,,,,,,,,,,
2025-05-17 09:59:30,0.5587557302170756,0,安全,绿色,无,无,0,,,,,,,,,,,,,,,,,,,,
2025-05-17 10:00:00,0.4518191503297036,0,安全,绿色,无,无,0,,,,,,,,,,,,,,,,,,,,
2025-05-17 10:00:30,0.4307445695571963,0,安全,绿色,无,无,0,,,,,,,,,,,,,,,,,,,,
2025-05-17 10:01:00,0.4003469274710783,0,安全,绿色,无,无,0,,,,,,,,,,,,,,,,,,,,
2025-05-17 10:01:30,0.4251265794109546,0,安全,绿色,无,无,0,,,,,,,,,,,,,,,,,,,,
2025-05-17 10:02:00,0.4613891186256766,0,安全,绿色,无,无,0,,,,,,,,,,,,,,,,,,,,
2025-05-17 10:02:30,0.3397849879905732,0,安全,绿色,无,无,0,,,,,,,,,,,,,,,,,,,,
2025-05-17 10:03:00,0.3671113430154711,0,安全,绿色,无,无,0,,,,,,,,,,,,,,,,,,,,
2025-05-17 10:03:30,0.321569290365838,0,安全,绿色,无,无,0,,,,,,,,,,,,,,,,,,,,
2025-05-17 10:04:00,0.3274557345182372,0,安全,绿色,无,无,0,,,,,,,,,,,,,,,,,,,,
2025-05-17 10:04:30,0.3052865877380352,0,安全,绿色,无,无,0,,,,,,,,,,,,,,,,,,,,
2025-05-17 10:05:00,0.2852596781365225,0,安全,绿色,无,无,0,,,,,,,,,,,,,,,,,,,,
2025-05-17 10:05:30,0.2932395628408132,0,安全,绿色,无,无,0,,,,,,,,,,,,,,,,,,,,
2025-05-17 10:06:00,0.4578594128350264,0,安全,绿色,无,无,0,,,,,,,,,,,,,,,,,,,,
2025-05-17 10:06:30,0.3402236803065988,0,安全,绿色,无,无,0,,,,,,,,,,,,,,,,,,,,
2025-05-17 10:07:00,0.3163206002912786,0,安全,绿色,无,无,0,,,,,,,,,,,,,,,,,,,,
2025-05-17 10:07:30,0.2650358627798065,0,安全,绿色,无,无,0,,,,,,,,,,,,,,,,,,,,
2025-05-17 10:08:00,0.3052865877380352,0,安全,绿色,无,无,0,,,,,,,,,,,,,,,,,,,,
2025-05-17 10:08:30,0.245593657042532,0,安全,绿色,无,无,0,,,,,,,,,,,,,,,,,,,,
2025-05-17 10:09:00,0.2959520873644436,0,安全,绿色,无,无,0,,,,,,,,,,,,,,,,,,,,
2025-05-17 10:09:30,0.2952005802482461,0,安全,绿色,无,无,0,,,,,,,,,,,,,,,,,,,,
2025-05-17 10:10:00,0.2514440111457189,0,安全,绿色,无,无,0,,,,,,,,,,,,,,,,,,,,
2025-05-17 10:10:30,0.3527625128325256,0,安全,绿色,无,无,0,,,,,,,,,,,,,,,,,,,,
2025-05-17 10:11:00,0.2836501028451165,0,安全,绿色,无,无,0,,,,,,,,,,,,,,,,,,,,
2025-05-17 10:11:30,0.2520401136086299,0,安全,绿色,无,无,0,,,,,,,,,,,,,,,,,,,,
2025-05-17 10:12:00,0.2454237073572723,0,安全,绿色,无,无,0,,,,,,,,,,,,,,,,,,,,
2025-05-17 10:12:30,0.2906484418744252,0,安全,绿色,无,无,0,,,,,,,,,,,,,,,,,,,,
2025-05-17 10:13:00,0.399259274945382,0,安全,绿色,无,无,0,,,,,,,,,,,,,,,,,,,,
2025-05-17 10:13:30,0.3145689606013158,0,安全,绿色,无,无,0,,,,,,,,,,,,,,,,,,,,
2025-05-17 10:14:00,0.3177262981111704,0,安全,绿色,无,无,0,,,,,,,,,,,,,,,,,,,,
2025-05-17 10:14:30,0.2602674645443327,0,安全,绿色,无,无,0,,,,,,,,,,,,,,,,,,,,
2025-05-17 10:15:00,0.3909171085265962,0,安全,绿色,无,无,0,,,,,,,,,,,,,,,,,,,,
2025-05-17 10:15:30,0.3053289166585873,0,安全,绿色,无,无,0,,,,,,,,,,,,,,,,,,,,
2025-05-17 10:16:00,0.3778762089874018,0,安全,绿色,无,无,0,,,,,,,,,,,,,,,,,,,,
2025-05-17 10:16:30,0.3588660660160766,0,安全,绿色,无,无,0,,,,,,,,,,,,,,,,,,,,
2025-05-17 10:17:00,0.4862489728448468,0,安全,绿色,无,无,0,,,,,,,,,,,,,,,,,,,,
2025-05-17 10:17:30,0.5357275692113573,0,安全,绿色,无,无,0,,,,,,,,,,,,,,,,,,,,
2025-05-17 10:18:00,0.3926080686745922,0,安全,绿色,无,无,0,,,,,,,,,,,,,,,,,,,,
2025-05-17 10:18:30,0.3328626615093695,0,安全,绿色,无,无,0,,,,,,,,,,,,,,,,,,,,
2025-05-17 10:19:00,0.286783294485061,0,安全,绿色,无,无,0,,,,,,,,,,,,,,,,,,,,
2025-05-17 10:19:30,0.383505880547394,0,安全,绿色,无,无,0,,,,,,,,,,,,,,,,,,,,
2025-05-17 10:20:00,0.3297207990733247,0,安全,绿色,无,无,0,,,,,,,,,,,,,,,,,,,,
2025-05-17 10:20:30,0.3570796174589422,0,安全,绿色,无,无,0,,,,,,,,,,,,,,,,,,,,
2025-05-17 10:21:00,0.2788075032329277,0,安全,绿色,无,无,0,,,,,,,,,,,,,,,,,,,,
2025-05-17 10:21:30,0.3169914077806372,0,安全,绿色,无,无,0,,,,,,,,,,,,,,,,,,,,
2025-05-17 10:22:00,0.2934465266661228,0,安全,绿色,无,无,0,,,,,,,,,,,,,,,,,,,,
2025-05-17 10:22:30,0.3067994131137683,0,安全,绿色,无,无,0,,,,,,,,,,,,,,,,,,,,
2025-05-17 10:23:00,0.2737202727306692,0,安全,绿色,无,无,0,,,,,,,,,,,,,,,,,,,,
2025-05-17 10:23:30,0.3127554358773551,0,安全,绿色,无,无,0,,,,,,,,,,,,,,,,,,,,
2025-05-17 10:24:00,0.4074076542603262,0,安全,绿色,无,无,0,,,,,,,,,,,,,,,,,,,,
2025-05-17 10:24:30,0.2947577876395325,0,安全,绿色,无,无,0,,,,,,,,,,,,,,,,,,,,
2025-05-17 10:25:00,0.3428850377035321,0,安全,绿色,无,无,0,,,,,,,,,,,,,,,,,,,,
2025-05-17 10:25:30,0.3157929350555111,0,安全,绿色,无,无,0,,,,,,,,,,,,,,,,,,,,
2025-05-17 10:26:00,0.3504190386564531,0,安全,绿色,无,无,0,,,,,,,,,,,,,,,,,,,,
2025-05-17 10:26:30,0.4361385090877616,0,安全,绿色,无,无,0,,,,,,,,,,,,,,,,,,,,
2025-05-17 10:27:00,0.3021794315701447,0,安全,绿色,无,无,0,,,,,,,,,,,,,,,,,,,,
2025-05-17 10:27:30,0.2947577876395325,0,安全,绿色,无,无,0,,,,,,,,,,,,,,,,,,,,
2025-05-17 10:28:00,0.3184409833546738,0,安全,绿色,无,无,0,,,,,,,,,,,,,,,,,,,,
2025-05-17 10:28:30,0.4006647889207785,0,安全,绿色,无,无,0,,,,,,,,,,,,,,,,,,,,
2025-05-17 10:29:00,0.3184409833546738,0,安全,绿色,无,无,0,,,,,,,,,,,,,,,,,,,,
2025-05-17 10:29:30,0.3865961282409765,0,安全,绿色,无,无,0,,,,,,,,,,,,,,,,,,,,
2025-05-17 10:30:00,0.3933886711304911,0,安全,绿色,无,无,0,,,,,,,,,,,,,,,,,,,,
2025-05-17 10:30:30,0.4112604129002187,0,安全,绿色,无,无,0,,,,,,,,,,,,,,,,,,,,
2025-05-17 10:31:00,0.373046396554815,0,安全,绿色,无,无,0,,,,,,,,,,,,,,,,,,,,
2025-05-17 10:31:30,0.3473259094966492,0,安全,绿色,无,无,0,,,,,,,,,,,,,,,,,,,,
2025-05-17 10:32:00,0.4349292212627839,0,安全,绿色,无,无,0,,,,,,,,,,,,,,,,,,,,
2025-05-17 10:32:30,0.3933886711304911,0,安全,绿色,无,无,0,,,,,,,,,,,,,,,,,,,,
2025-05-17 10:33:00,1.103791996478745,1,警告,黄色,轧制区; 炼焦区,轧制区_力传感器_轧制力; 炼焦区_温度传感器_炭化室温度,2,轧制区_力传感器_轧制力,轧制力异常,轧制力偏离预期值，可能设备或工艺异常,轧制力和轧制速度变化会影响成品厚度/宽度，进而影响热处理参数,检查轧机状态，调整轧制参数,炼焦区_温度传感器_炭化室温度,炭化室温度偏差,炼焦炉温度异常，影响焦炭质量,炭化室温度变化会影响焦炭质量，进而影响高炉铁水温度,调整加热制度和燃气供应,,,,,,,,,,
2025-05-17 10:33:30,0.3549564769155939,0,安全,绿色,无,无,0,,,,,,,,,,,,,,,,,,,,
2025-05-17 10:34:00,0.3235097909193195,0,安全,绿色,无,无,0,,,,,,,,,,,,,,,,,,,,
2025-05-17 10:34:30,0.2980678921621886,0,安全,绿色,无,无,0,,,,,,,,,,,,,,,,,,,,
2025-05-17 10:35:00,0.3359393603446635,0,安全,绿色,无,无,0,,,,,,,,,,,,,,,,,,,,
2025-05-17 10:35:30,0.3182192636896642,0,安全,绿色,无,无,0,,,,,,,,,,,,,,,,,,,,
2025-05-17 10:36:00,0.4249612054669571,0,安全,绿色,无,无,0,,,,,,,,,,,,,,,,,,,,
2025-05-17 10:36:30,0.3214844818786148,0,安全,绿色,无,无,0,,,,,,,,,,,,,,,,,,,,
2025-05-17 10:37:00,0.3451683153812169,0,安全,绿色,无,无,0,,,,,,,,,,,,,,,,,,,,
2025-05-17 10:37:30,0.3174335373004123,0,安全,绿色,无,无,0,,,,,,,,,,,,,,,,,,,,
2025-05-17 10:38:00,0.3532949740222955,0,安全,绿色,无,无,0,,,,,,,,,,,,,,,,,,,,
2025-05-17 10:38:30,0.3236449342516215,0,安全,绿色,无,无,0,,,,,,,,,,,,,,,,,,,,
2025-05-17 10:39:00,0.3448336607337536,0,安全,绿色,无,无,0,,,,,,,,,,,,,,,,,,,,
2025-05-17 10:39:30,0.4329107254338086,0,安全,绿色,无,无,0,,,,,,,,,,,,,,,,,,,,
2025-05-17 10:40:00,0.319276988036564,0,安全,绿色,无,无,0,,,,,,,,,,,,,,,,,,,,
2025-05-17 10:40:30,0.3451683153812169,0,安全,绿色,无,无,0,,,,,,,,,,,,,,,,,,,,
2025-05-17 10:41:00,0.378857174044602,0,安全,绿色,无,无,0,,,,,,,,,,,,,,,,,,,,
2025-05-17 10:41:30,0.3015997718141784,0,安全,绿色,无,无,0,,,,,,,,,,,,,,,,,,,,
2025-05-17 10:42:00,0.3266700312037208,0,安全,绿色,无,无,0,,,,,,,,,,,,,,,,,,,,
2025-05-17 10:42:30,0.3191322769962469,0,安全,绿色,无,无,0,,,,,,,,,,,,,,,,,,,,
2025-05-17 10:43:00,0.3931253052767578,0,安全,绿色,无,无,0,,,,,,,,,,,,,,,,,,,,
2025-05-17 10:43:30,0.3275778825040981,0,安全,绿色,无,无,0,,,,,,,,,,,,,,,,,,,,
2025-05-17 10:44:00,0.299333611445722,0,安全,绿色,无,无,0,,,,,,,,,,,,,,,,,,,,
2025-05-17 10:44:30,0.5132558195416366,0,安全,绿色,无,无,0,,,,,,,,,,,,,,,,,,,,
2025-05-17 10:45:00,0.3711510506757527,0,安全,绿色,无,无,0,,,,,,,,,,,,,,,,,,,,
2025-05-17 10:45:30,0.4337341201727224,0,安全,绿色,无,无,0,,,,,,,,,,,,,,,,,,,,
2025-05-17 10:46:00,0.4293765452725165,0,安全,绿色,无,无,0,,,,,,,,,,,,,,,,,,,,
2025-05-17 10:46:30,0.4186677283988755,0,安全,绿色,无,无,0,,,,,,,,,,,,,,,,,,,,
2025-05-17 10:47:00,0.6152603193690266,0,安全,绿色,无,无,0,,,,,,,,,,,,,,,,,,,,
2025-05-17 10:47:30,0.5750466719190983,0,安全,绿色,无,无,0,,,,,,,,,,,,,,,,,,,,
2025-05-17 10:48:00,0.4914745317246253,0,安全,绿色,无,无,0,,,,,,,,,,,,,,,,,,,,
2025-05-17 10:48:30,1.1163125351360428,1,警告,黄色,轧制区,轧制区_力传感器_轧制力,1,轧制区_力传感器_轧制力,轧制力异常,轧制力偏离预期值，可能设备或工艺异常,轧制力和轧制速度变化会影响成品厚度/宽度，进而影响热处理参数,检查轧机状态，调整轧制参数,,,,,,,,,,,,,,,
2025-05-17 10:49:00,0.4442308218910082,0,安全,绿色,无,无,0,,,,,,,,,,,,,,,,,,,,
2025-05-17 10:49:30,0.480334510404321,0,安全,绿色,无,无,0,,,,,,,,,,,,,,,,,,,,
2025-05-17 10:50:00,0.471689758159646,0,安全,绿色,无,无,0,,,,,,,,,,,,,,,,,,,,
2025-05-17 10:50:30,0.4547848332576163,0,安全,绿色,无,无,0,,,,,,,,,,,,,,,,,,,,
2025-05-17 10:51:00,0.347409199603732,0,安全,绿色,无,无,0,,,,,,,,,,,,,,,,,,,,
2025-05-17 10:51:30,0.3805372934488606,0,安全,绿色,无,无,0,,,,,,,,,,,,,,,,,,,,
2025-05-17 10:52:00,0.3559846598863606,0,安全,绿色,无,无,0,,,,,,,,,,,,,,,,,,,,
2025-05-17 10:52:30,0.3439665043272328,0,安全,绿色,无,无,0,,,,,,,,,,,,,,,,,,,,
2025-05-17 10:53:00,0.3384410670002855,0,安全,绿色,无,无,0,,,,,,,,,,,,,,,,,,,,
2025-05-17 10:53:30,0.445975747849169,0,安全,绿色,无,无,0,,,,,,,,,,,,,,,,,,,,
2025-05-17 10:54:00,0.3093904116182026,0,安全,绿色,无,无,0,,,,,,,,,,,,,,,,,,,,
2025-05-17 10:54:30,0.260695463594134,0,安全,绿色,无,无,0,,,,,,,,,,,,,,,,,,,,
2025-05-17 10:55:00,0.260269591831714,0,安全,绿色,无,无,0,,,,,,,,,,,,,,,,,,,,
2025-05-17 10:55:30,0.2344561747186814,0,安全,绿色,无,无,0,,,,,,,,,,,,,,,,,,,,
2025-05-17 10:56:00,0.23108041380874,0,安全,绿色,无,无,0,,,,,,,,,,,,,,,,,,,,
2025-05-17 10:56:30,0.3924146601616307,0,安全,绿色,无,无,0,,,,,,,,,,,,,,,,,,,,
2025-05-17 10:57:00,0.263310447227657,0,安全,绿色,无,无,0,,,,,,,,,,,,,,,,,,,,
2025-05-17 10:57:30,0.351358432761131,0,安全,绿色,无,无,0,,,,,,,,,,,,,,,,,,,,
2025-05-17 10:58:00,0.2277634527958966,0,安全,绿色,无,无,0,,,,,,,,,,,,,,,,,,,,
2025-05-17 10:58:30,0.3648329682943543,0,安全,绿色,无,无,0,,,,,,,,,,,,,,,,,,,,
2025-05-17 10:59:00,0.2674701332699173,0,安全,绿色,无,无,0,,,,,,,,,,,,,,,,,,,,
2025-05-17 10:59:30,0.2583424281264874,0,安全,绿色,无,无,0,,,,,,,,,,,,,,,,,,,,
2025-05-17 11:00:00,0.3270225248439388,0,安全,绿色,无,无,0,,,,,,,,,,,,,,,,,,,,
2025-05-17 11:00:30,0.5144777942105011,0,安全,绿色,无,无,0,,,,,,,,,,,,,,,,,,,,
2025-05-17 11:01:00,0.3414306154559781,0,安全,绿色,无,无,0,,,,,,,,,,,,,,,,,,,,
2025-05-17 11:01:30,0.4660838883187598,0,安全,绿色,无,无,0,,,,,,,,,,,,,,,,,,,,
2025-05-17 11:02:00,0.2984212755064144,0,安全,绿色,无,无,0,,,,,,,,,,,,,,,,,,,,
2025-05-17 11:02:30,0.3269054712530704,0,安全,绿色,无,无,0,,,,,,,,,,,,,,,,,,,,
2025-05-17 11:03:00,0.300811835114021,0,安全,绿色,无,无,0,,,,,,,,,,,,,,,,,,,,
2025-05-17 11:03:30,0.3450887489539825,0,安全,绿色,无,无,0,,,,,,,,,,,,,,,,,,,,
2025-05-17 11:04:00,0.9240622647303692,1,警告,黄色,轧制区,轧制区_力传感器_轧制力,1,轧制区_力传感器_轧制力,轧制力异常,轧制力偏离预期值，可能设备或工艺异常,轧制力和轧制速度变化会影响成品厚度/宽度，进而影响热处理参数,检查轧机状态，调整轧制参数,,,,,,,,,,,,,,,
2025-05-17 11:04:30,0.3357252572807422,0,安全,绿色,无,无,0,,,,,,,,,,,,,,,,,,,,
2025-05-17 11:05:00,0.3245977102668497,0,安全,绿色,无,无,0,,,,,,,,,,,,,,,,,,,,
2025-05-17 11:05:30,0.3769074295230577,0,安全,绿色,无,无,0,,,,,,,,,,,,,,,,,,,,
2025-05-17 11:06:00,0.3357252572807422,0,安全,绿色,无,无,0,,,,,,,,,,,,,,,,,,,,
2025-05-17 11:06:30,0.4119554790769065,0,安全,绿色,无,无,0,,,,,,,,,,,,,,,,,,,,
2025-05-17 11:07:00,0.3828674387638272,0,安全,绿色,无,无,0,,,,,,,,,,,,,,,,,,,,
2025-05-17 11:07:30,0.3672890570102809,0,安全,绿色,无,无,0,,,,,,,,,,,,,,,,,,,,
2025-05-17 11:08:00,0.3818606579646146,0,安全,绿色,无,无,0,,,,,,,,,,,,,,,,,,,,
2025-05-17 11:08:30,0.3529532452263399,0,安全,绿色,无,无,0,,,,,,,,,,,,,,,,,,,,
2025-05-17 11:09:00,0.3073251883727856,0,安全,绿色,无,无,0,,,,,,,,,,,,,,,,,,,,
2025-05-17 11:09:30,0.3032795575398357,0,安全,绿色,无,无,0,,,,,,,,,,,,,,,,,,,,
2025-05-17 11:10:00,0.2824342781158794,0,安全,绿色,无,无,0,,,,,,,,,,,,,,,,,,,,
2025-05-17 11:10:30,0.3387185845331738,0,安全,绿色,无,无,0,,,,,,,,,,,,,,,,,,,,
2025-05-17 11:11:00,0.3724371644719369,0,安全,绿色,无,无,0,,,,,,,,,,,,,,,,,,,,
2025-05-17 11:11:30,0.3985958552292388,0,安全,绿色,无,无,0,,,,,,,,,,,,,,,,,,,,
2025-05-17 11:12:00,0.3380075276988938,0,安全,绿色,无,无,0,,,,,,,,,,,,,,,,,,,,
2025-05-17 11:12:30,0.2522657215649694,0,安全,绿色,无,无,0,,,,,,,,,,,,,,,,,,,,
2025-05-17 11:13:00,0.282858161377192,0,安全,绿色,无,无,0,,,,,,,,,,,,,,,,,,,,
2025-05-17 11:13:30,0.3385294628156146,0,安全,绿色,无,无,0,,,,,,,,,,,,,,,,,,,,
2025-05-17 11:14:00,0.253208799189399,0,安全,绿色,无,无,0,,,,,,,,,,,,,,,,,,,,
2025-05-17 11:14:30,0.3396553926017379,0,安全,绿色,无,无,0,,,,,,,,,,,,,,,,,,,,
2025-05-17 11:15:00,0.3184013546690827,0,安全,绿色,无,无,0,,,,,,,,,,,,,,,,,,,,
2025-05-17 11:15:30,0.3370446362913196,0,安全,绿色,无,无,0,,,,,,,,,,,,,,,,,,,,
2025-05-17 11:16:00,0.3212713965473441,0,安全,绿色,无,无,0,,,,,,,,,,,,,,,,,,,,
2025-05-17 11:16:30,0.3538108478893931,0,安全,绿色,无,无,0,,,,,,,,,,,,,,,,,,,,
2025-05-17 11:17:00,0.2550390112249235,0,安全,绿色,无,无,0,,,,,,,,,,,,,,,,,,,,
2025-05-17 11:17:30,0.3317376535648236,0,安全,绿色,无,无,0,,,,,,,,,,,,,,,,,,,,
2025-05-17 11:18:00,0.3268242062664435,0,安全,绿色,无,无,0,,,,,,,,,,,,,,,,,,,,
2025-05-17 11:18:30,0.2725401649204321,0,安全,绿色,无,无,0,,,,,,,,,,,,,,,,,,,,
2025-05-17 11:19:00,0.3117194218456943,0,安全,绿色,无,无,0,,,,,,,,,,,,,,,,,,,,
2025-05-17 11:19:30,0.9645755984277676,1,警告,黄色,轧制区,轧制区_力传感器_轧制力,1,轧制区_力传感器_轧制力,轧制力异常,轧制力偏离预期值，可能设备或工艺异常,轧制力和轧制速度变化会影响成品厚度/宽度，进而影响热处理参数,检查轧机状态，调整轧制参数,,,,,,,,,,,,,,,
2025-05-17 11:20:00,0.2620540275091652,0,安全,绿色,无,无,0,,,,,,,,,,,,,,,,,,,,
2025-05-17 11:20:30,0.4473257495115025,0,安全,绿色,无,无,0,,,,,,,,,,,,,,,,,,,,
2025-05-17 11:21:00,0.389977835983208,0,安全,绿色,无,无,0,,,,,,,,,,,,,,,,,,,,
2025-05-17 11:21:30,0.2923490927249794,0,安全,绿色,无,无,0,,,,,,,,,,,,,,,,,,,,
2025-05-17 11:22:00,0.2901337548466617,0,安全,绿色,无,无,0,,,,,,,,,,,,,,,,,,,,
2025-05-17 11:22:30,0.3094191987335974,0,安全,绿色,无,无,0,,,,,,,,,,,,,,,,,,,,
2025-05-17 11:23:00,0.3256099786540031,0,安全,绿色,无,无,0,,,,,,,,,,,,,,,,,,,,
2025-05-17 11:23:30,0.3311824162391725,0,安全,绿色,无,无,0,,,,,,,,,,,,,,,,,,,,
2025-05-17 11:24:00,0.3539509588560411,0,安全,绿色,无,无,0,,,,,,,,,,,,,,,,,,,,
2025-05-17 11:24:30,0.3335402866442787,0,安全,绿色,无,无,0,,,,,,,,,,,,,,,,,,,,
2025-05-17 11:25:00,0.3877499131964239,0,安全,绿色,无,无,0,,,,,,,,,,,,,,,,,,,,
2025-05-17 11:25:30,0.3147269633708387,0,安全,绿色,无,无,0,,,,,,,,,,,,,,,,,,,,
2025-05-17 11:26:00,0.3473580779253473,0,安全,绿色,无,无,0,,,,,,,,,,,,,,,,,,,,
2025-05-17 11:26:30,0.3653545983522749,0,安全,绿色,无,无,0,,,,,,,,,,,,,,,,,,,,
2025-05-17 11:27:00,0.364248194198229,0,安全,绿色,无,无,0,,,,,,,,,,,,,,,,,,,,
2025-05-17 11:27:30,0.3129812247173843,0,安全,绿色,无,无,0,,,,,,,,,,,,,,,,,,,,
2025-05-17 11:28:00,0.5884191558048423,0,安全,绿色,无,无,0,,,,,,,,,,,,,,,,,,,,
2025-05-17 11:28:30,0.6500765227501331,0,安全,绿色,无,无,0,,,,,,,,,,,,,,,,,,,,
2025-05-17 11:29:00,0.5458761077568285,0,安全,绿色,无,无,0,,,,,,,,,,,,,,,,,,,,
2025-05-17 11:29:30,0.4458060140261695,0,安全,绿色,无,无,0,,,,,,,,,,,,,,,,,,,,
2025-05-17 11:30:00,0.5312108407477468,0,安全,绿色,无,无,0,,,,,,,,,,,,,,,,,,,,
2025-05-17 11:30:30,0.5254784397602325,0,安全,绿色,无,无,0,,,,,,,,,,,,,,,,,,,,
2025-05-17 11:31:00,0.4455323376904719,0,安全,绿色,无,无,0,,,,,,,,,,,,,,,,,,,,
2025-05-17 11:31:30,0.3804964182733,0,安全,绿色,无,无,0,,,,,,,,,,,,,,,,,,,,
2025-05-17 11:32:00,0.400309913478218,0,安全,绿色,无,无,0,,,,,,,,,,,,,,,,,,,,
2025-05-17 11:32:30,0.4425598136564952,0,安全,绿色,无,无,0,,,,,,,,,,,,,,,,,,,,
2025-05-17 11:33:00,0.3289691112827246,0,安全,绿色,无,无,0,,,,,,,,,,,,,,,,,,,,
2025-05-17 11:33:30,0.4607775245594838,0,安全,绿色,无,无,0,,,,,,,,,,,,,,,,,,,,
2025-05-17 11:34:00,0.343390690943466,0,安全,绿色,无,无,0,,,,,,,,,,,,,,,,,,,,
2025-05-17 11:34:30,0.3228147053108202,0,安全,绿色,无,无,0,,,,,,,,,,,,,,,,,,,,
2025-05-17 11:35:00,0.95413944318629,1,警告,黄色,轧制区,轧制区_力传感器_轧制力,1,轧制区_力传感器_轧制力,轧制力异常,轧制力偏离预期值，可能设备或工艺异常,轧制力和轧制速度变化会影响成品厚度/宽度，进而影响热处理参数,检查轧机状态，调整轧制参数,,,,,,,,,,,,,,,
2025-05-17 11:35:30,0.3059855165436884,0,安全,绿色,无,无,0,,,,,,,,,,,,,,,,,,,,
2025-05-17 11:36:00,0.3442922370618856,0,安全,绿色,无,无,0,,,,,,,,,,,,,,,,,,,,
2025-05-17 11:36:30,0.3184061770025519,0,安全,绿色,无,无,0,,,,,,,,,,,,,,,,,,,,
2025-05-17 11:37:00,0.2816553264543452,0,安全,绿色,无,无,0,,,,,,,,,,,,,,,,,,,,
2025-05-17 11:37:30,0.363392409330499,0,安全,绿色,无,无,0,,,,,,,,,,,,,,,,,,,,
2025-05-17 11:38:00,0.2944803856728418,0,安全,绿色,无,无,0,,,,,,,,,,,,,,,,,,,,
2025-05-17 11:38:30,0.2922266396928822,0,安全,绿色,无,无,0,,,,,,,,,,,,,,,,,,,,
2025-05-17 11:39:00,0.3449199440021679,0,安全,绿色,无,无,0,,,,,,,,,,,,,,,,,,,,
2025-05-17 11:39:30,0.3080585895584858,0,安全,绿色,无,无,0,,,,,,,,,,,,,,,,,,,,
2025-05-17 11:40:00,0.3259169701346093,0,安全,绿色,无,无,0,,,,,,,,,,,,,,,,,,,,
2025-05-17 11:40:30,0.3542548487083079,0,安全,绿色,无,无,0,,,,,,,,,,,,,,,,,,,,
2025-05-17 11:41:00,0.3001191846388549,0,安全,绿色,无,无,0,,,,,,,,,,,,,,,,,,,,
2025-05-17 11:41:30,0.3294514511714206,0,安全,绿色,无,无,0,,,,,,,,,,,,,,,,,,,,
2025-05-17 11:42:00,0.2887342603812238,0,安全,绿色,无,无,0,,,,,,,,,,,,,,,,,,,,
2025-05-17 11:42:30,0.2887342603812238,0,安全,绿色,无,无,0,,,,,,,,,,,,,,,,,,,,
2025-05-17 11:43:00,0.2978630950328062,0,安全,绿色,无,无,0,,,,,,,,,,,,,,,,,,,,
2025-05-17 11:43:30,0.314653635992717,0,安全,绿色,无,无,0,,,,,,,,,,,,,,,,,,,,
2025-05-17 11:44:00,0.3453169822497509,0,安全,绿色,无,无,0,,,,,,,,,,,,,,,,,,,,
2025-05-17 11:44:30,0.2790677301050689,0,安全,绿色,无,无,0,,,,,,,,,,,,,,,,,,,,
2025-05-17 11:45:00,0.4006209779170116,0,安全,绿色,无,无,0,,,,,,,,,,,,,,,,,,,,
2025-05-17 11:45:30,0.2784822934463097,0,安全,绿色,无,无,0,,,,,,,,,,,,,,,,,,,,
2025-05-17 11:46:00,0.3616888755311552,0,安全,绿色,无,无,0,,,,,,,,,,,,,,,,,,,,
2025-05-17 11:46:30,0.3408026465058575,0,安全,绿色,无,无,0,,,,,,,,,,,,,,,,,,,,
2025-05-17 11:47:00,0.270815338558151,0,安全,绿色,无,无,0,,,,,,,,,,,,,,,,,,,,
2025-05-17 11:47:30,0.3600326911005521,0,安全,绿色,无,无,0,,,,,,,,,,,,,,,,,,,,
2025-05-17 11:48:00,0.3680338933906273,0,安全,绿色,无,无,0,,,,,,,,,,,,,,,,,,,,
2025-05-17 11:48:30,0.2799462880015937,0,安全,绿色,无,无,0,,,,,,,,,,,,,,,,,,,,
2025-05-17 11:49:00,0.2391205290848019,0,安全,绿色,无,无,0,,,,,,,,,,,,,,,,,,,,
2025-05-17 11:49:30,0.2599882390264128,0,安全,绿色,无,无,0,,,,,,,,,,,,,,,,,,,,
2025-05-17 11:50:00,0.3276140902586282,0,安全,绿色,无,无,0,,,,,,,,,,,,,,,,,,,,
2025-05-17 11:50:30,0.8707512520562551,1,警告,黄色,轧制区,轧制区_力传感器_轧制力,1,轧制区_力传感器_轧制力,轧制力异常,轧制力偏离预期值，可能设备或工艺异常,轧制力和轧制速度变化会影响成品厚度/宽度，进而影响热处理参数,检查轧机状态，调整轧制参数,,,,,,,,,,,,,,,
2025-05-17 11:51:00,0.2391205290848019,0,安全,绿色,无,无,0,,,,,,,,,,,,,,,,,,,,
2025-05-17 11:51:30,0.2926719043005082,0,安全,绿色,无,无,0,,,,,,,,,,,,,,,,,,,,
2025-05-17 11:52:00,0.2599882390264128,0,安全,绿色,无,无,0,,,,,,,,,,,,,,,,,,,,
2025-05-17 11:52:30,0.2718975710924588,0,安全,绿色,无,无,0,,,,,,,,,,,,,,,,,,,,
2025-05-17 11:53:00,0.3525338785927241,0,安全,绿色,无,无,0,,,,,,,,,,,,,,,,,,,,
2025-05-17 11:53:30,0.2650613233330288,0,安全,绿色,无,无,0,,,,,,,,,,,,,,,,,,,,
2025-05-17 11:54:00,0.3303314518147038,0,安全,绿色,无,无,0,,,,,,,,,,,,,,,,,,,,
2025-05-17 11:54:30,0.3440009635596738,0,安全,绿色,无,无,0,,,,,,,,,,,,,,,,,,,,
2025-05-17 11:55:00,0.584654029634712,0,安全,绿色,无,无,0,,,,,,,,,,,,,,,,,,,,
2025-05-17 11:55:30,0.3606426400932009,0,安全,绿色,无,无,0,,,,,,,,,,,,,,,,,,,,
2025-05-17 11:56:00,0.4619600058861162,0,安全,绿色,无,无,0,,,,,,,,,,,,,,,,,,,,
2025-05-17 11:56:30,0.285728498527372,0,安全,绿色,无,无,0,,,,,,,,,,,,,,,,,,,,
2025-05-17 11:57:00,0.2436465217736193,0,安全,绿色,无,无,0,,,,,,,,,,,,,,,,,,,,
2025-05-17 11:57:30,0.2650613233330288,0,安全,绿色,无,无,0,,,,,,,,,,,,,,,,,,,,
2025-05-17 11:58:00,0.2803789742454182,0,安全,绿色,无,无,0,,,,,,,,,,,,,,,,,,,,
2025-05-17 11:58:30,0.2327803749143706,0,安全,绿色,无,无,0,,,,,,,,,,,,,,,,,,,,
2025-05-17 11:59:00,0.2436465217736193,0,安全,绿色,无,无,0,,,,,,,,,,,,,,,,,,,,
2025-05-17 11:59:30,0.3441519653852783,0,安全,绿色,无,无,0,,,,,,,,,,,,,,,,,,,,
2025-05-17 12:00:00,1.1261012301162268,1,警告,黄色,轧制区,轧制区_温度传感器_坯料温度,1,轧制区_温度传感器_坯料温度,坯料温度异常,轧制前坯料温度偏离工艺要求,影响轧制力分配和产品性能,调整加热炉操作或轧制节拍,,,,,,,,,,,,,,,
2025-05-17 12:00:30,0.3526970330304574,0,安全,绿色,无,无,0,,,,,,,,,,,,,,,,,,,,
2025-05-17 12:01:00,0.3095227729629945,0,安全,绿色,无,无,0,,,,,,,,,,,,,,,,,,,,
2025-05-17 12:01:30,0.2963757913029215,0,安全,绿色,无,无,0,,,,,,,,,,,,,,,,,,,,
2025-05-17 12:02:00,0.3820551537138494,0,安全,绿色,无,无,0,,,,,,,,,,,,,,,,,,,,
2025-05-17 12:02:30,0.4524880568752901,0,安全,绿色,无,无,0,,,,,,,,,,,,,,,,,,,,
2025-05-17 12:03:00,0.3180684006004314,0,安全,绿色,无,无,0,,,,,,,,,,,,,,,,,,,,
2025-05-17 12:03:30,0.3391738121366517,0,安全,绿色,无,无,0,,,,,,,,,,,,,,,,,,,,
2025-05-17 12:04:00,0.3243325430907322,0,安全,绿色,无,无,0,,,,,,,,,,,,,,,,,,,,
2025-05-17 12:04:30,0.3757957571132242,0,安全,绿色,无,无,0,,,,,,,,,,,,,,,,,,,,
2025-05-17 12:05:00,0.3733559185296947,0,安全,绿色,无,无,0,,,,,,,,,,,,,,,,,,,,
2025-05-17 12:05:30,0.3516805757493629,0,安全,绿色,无,无,0,,,,,,,,,,,,,,,,,,,,
2025-05-17 12:06:00,1.088482276267272,1,警告,黄色,轧制区,轧制区_力传感器_轧制力,1,轧制区_力传感器_轧制力,轧制力异常,轧制力偏离预期值，可能设备或工艺异常,轧制力和轧制速度变化会影响成品厚度/宽度，进而影响热处理参数,检查轧机状态，调整轧制参数,,,,,,,,,,,,,,,
2025-05-17 12:06:30,0.3073150095471842,0,安全,绿色,无,无,0,,,,,,,,,,,,,,,,,,,,
2025-05-17 12:07:00,0.363960266221807,0,安全,绿色,无,无,0,,,,,,,,,,,,,,,,,,,,
2025-05-17 12:07:30,0.3914493738149624,0,安全,绿色,无,无,0,,,,,,,,,,,,,,,,,,,,
2025-05-17 12:08:00,0.3477048871660644,0,安全,绿色,无,无,0,,,,,,,,,,,,,,,,,,,,
2025-05-17 12:08:30,0.3373167968367159,0,安全,绿色,无,无,0,,,,,,,,,,,,,,,,,,,,
2025-05-17 12:09:00,0.3655711086426742,0,安全,绿色,无,无,0,,,,,,,,,,,,,,,,,,,,
2025-05-17 12:09:30,0.306537077624602,0,安全,绿色,无,无,0,,,,,,,,,,,,,,,,,,,,
2025-05-17 12:10:00,0.3546636154875723,0,安全,绿色,无,无,0,,,,,,,,,,,,,,,,,,,,
2025-05-17 12:10:30,0.5303731452045706,0,安全,绿色,无,无,0,,,,,,,,,,,,,,,,,,,,
2025-05-17 12:11:00,0.536062363869613,0,安全,绿色,无,无,0,,,,,,,,,,,,,,,,,,,,
2025-05-17 12:11:30,0.4876328473705049,0,安全,绿色,无,无,0,,,,,,,,,,,,,,,,,,,,
2025-05-17 12:12:00,0.4441441714177942,0,安全,绿色,无,无,0,,,,,,,,,,,,,,,,,,,,
2025-05-17 12:12:30,0.4573814849476078,0,安全,绿色,无,无,0,,,,,,,,,,,,,,,,,,,,
2025-05-17 12:13:00,0.4114318054539941,0,安全,绿色,无,无,0,,,,,,,,,,,,,,,,,,,,
2025-05-17 12:13:30,0.4319218227626822,0,安全,绿色,无,无,0,,,,,,,,,,,,,,,,,,,,
2025-05-17 12:14:00,0.4834329471134876,0,安全,绿色,无,无,0,,,,,,,,,,,,,,,,,,,,
2025-05-17 12:14:30,0.563481918397676,0,安全,绿色,无,无,0,,,,,,,,,,,,,,,,,,,,
2025-05-17 12:15:00,0.4236433981905193,0,安全,绿色,无,无,0,,,,,,,,,,,,,,,,,,,,
2025-05-17 12:15:30,0.4322635589337619,0,安全,绿色,无,无,0,,,,,,,,,,,,,,,,,,,,
2025-05-17 12:16:00,0.4453292153617326,0,安全,绿色,无,无,0,,,,,,,,,,,,,,,,,,,,
2025-05-17 12:16:30,0.4015594441534771,0,安全,绿色,无,无,0,,,,,,,,,,,,,,,,,,,,
2025-05-17 12:17:00,0.4743206637634393,0,安全,绿色,无,无,0,,,,,,,,,,,,,,,,,,,,
2025-05-17 12:17:30,0.4522327695924647,0,安全,绿色,无,无,0,,,,,,,,,,,,,,,,,,,,
2025-05-17 12:18:00,0.4015594441534771,0,安全,绿色,无,无,0,,,,,,,,,,,,,,,,,,,,
2025-05-17 12:18:30,0.3809287831565971,0,安全,绿色,无,无,0,,,,,,,,,,,,,,,,,,,,
2025-05-17 12:19:00,0.393011241971554,0,安全,绿色,无,无,0,,,,,,,,,,,,,,,,,,,,
2025-05-17 12:19:30,0.3204205401074784,0,安全,绿色,无,无,0,,,,,,,,,,,,,,,,,,,,
2025-05-17 12:20:00,0.3207686990501957,0,安全,绿色,无,无,0,,,,,,,,,,,,,,,,,,,,
2025-05-17 12:20:30,0.3518995697633722,0,安全,绿色,无,无,0,,,,,,,,,,,,,,,,,,,,
2025-05-17 12:21:00,0.294086023063829,0,安全,绿色,无,无,0,,,,,,,,,,,,,,,,,,,,
2025-05-17 12:21:30,1.0869261721948962,1,警告,黄色,轧制区,轧制区_力传感器_轧制力,1,轧制区_力传感器_轧制力,轧制力异常,轧制力偏离预期值，可能设备或工艺异常,轧制力和轧制速度变化会影响成品厚度/宽度，进而影响热处理参数,检查轧机状态，调整轧制参数,,,,,,,,,,,,,,,
2025-05-17 12:22:00,0.269396939753408,0,安全,绿色,无,无,0,,,,,,,,,,,,,,,,,,,,
2025-05-17 12:22:30,0.3549550217781209,0,安全,绿色,无,无,0,,,,,,,,,,,,,,,,,,,,
2025-05-17 12:23:00,0.3204205401074784,0,安全,绿色,无,无,0,,,,,,,,,,,,,,,,,,,,
2025-05-17 12:23:30,0.3143042766488332,0,安全,绿色,无,无,0,,,,,,,,,,,,,,,,,,,,
2025-05-17 12:24:00,0.3580795593290864,0,安全,绿色,无,无,0,,,,,,,,,,,,,,,,,,,,
2025-05-17 12:24:30,0.2689776246358747,0,安全,绿色,无,无,0,,,,,,,,,,,,,,,,,,,,
2025-05-17 12:25:00,0.3154776979573674,0,安全,绿色,无,无,0,,,,,,,,,,,,,,,,,,,,
2025-05-17 12:25:30,0.3058339166051337,0,安全,绿色,无,无,0,,,,,,,,,,,,,,,,,,,,
2025-05-17 12:26:00,0.3670566573380211,0,安全,绿色,无,无,0,,,,,,,,,,,,,,,,,,,,
2025-05-17 12:26:30,0.3068463983829237,0,安全,绿色,无,无,0,,,,,,,,,,,,,,,,,,,,
2025-05-17 12:27:00,0.3041844760886027,0,安全,绿色,无,无,0,,,,,,,,,,,,,,,,,,,,
2025-05-17 12:27:30,0.2960114008896315,0,安全,绿色,无,无,0,,,,,,,,,,,,,,,,,,,,
2025-05-17 12:28:00,0.396994867922297,0,安全,绿色,无,无,0,,,,,,,,,,,,,,,,,,,,
2025-05-17 12:28:30,0.3832393233836036,0,安全,绿色,无,无,0,,,,,,,,,,,,,,,,,,,,
2025-05-17 12:29:00,0.3292673218760957,0,安全,绿色,无,无,0,,,,,,,,,,,,,,,,,,,,
2025-05-17 12:29:30,0.4306550613290035,0,安全,绿色,无,无,0,,,,,,,,,,,,,,,,,,,,
2025-05-17 12:30:00,0.3044856574284063,0,安全,绿色,无,无,0,,,,,,,,,,,,,,,,,,,,
2025-05-17 12:30:30,0.3181605181289118,0,安全,绿色,无,无,0,,,,,,,,,,,,,,,,,,,,
2025-05-17 12:31:00,0.5169628673149247,0,安全,绿色,无,无,0,,,,,,,,,,,,,,,,,,,,
2025-05-17 12:31:30,0.3514916031271751,0,安全,绿色,无,无,0,,,,,,,,,,,,,,,,,,,,
2025-05-17 12:32:00,0.4539942360303671,0,安全,绿色,无,无,0,,,,,,,,,,,,,,,,,,,,
2025-05-17 12:32:30,0.3835332080210564,0,安全,绿色,无,无,0,,,,,,,,,,,,,,,,,,,,
2025-05-17 12:33:00,0.3797373631060804,0,安全,绿色,无,无,0,,,,,,,,,,,,,,,,,,,,
2025-05-17 12:33:30,0.4125805372623592,0,安全,绿色,无,无,0,,,,,,,,,,,,,,,,,,,,
2025-05-17 12:34:00,0.2823157775356141,0,安全,绿色,无,无,0,,,,,,,,,,,,,,,,,,,,
2025-05-17 12:34:30,0.3687817522436961,0,安全,绿色,无,无,0,,,,,,,,,,,,,,,,,,,,
2025-05-17 12:35:00,0.3342263728529533,0,安全,绿色,无,无,0,,,,,,,,,,,,,,,,,,,,
2025-05-17 12:35:30,0.3342263728529533,0,安全,绿色,无,无,0,,,,,,,,,,,,,,,,,,,,
2025-05-17 12:36:00,0.3135126828510822,0,安全,绿色,无,无,0,,,,,,,,,,,,,,,,,,,,
2025-05-17 12:36:30,0.3593466888620223,0,安全,绿色,无,无,0,,,,,,,,,,,,,,,,,,,,
2025-05-17 12:37:00,1.1207296896892522,1,警告,黄色,轧制区; 炼钢区,炼钢区_流量计_吹氧流量; 轧制区_力传感器_轧制力,2,炼钢区_流量计_吹氧流量,吹氧流量异常,氧气流量偏离工艺要求,吹氧流量变化会影响钢水成分，进而影响连铸区操作参数,检查供氧系统，调整吹氧参数,轧制区_力传感器_轧制力,轧制力异常,轧制力偏离预期值，可能设备或工艺异常,轧制力和轧制速度变化会影响成品厚度/宽度，进而影响热处理参数,检查轧机状态，调整轧制参数,,,,,,,,,,
2025-05-17 12:37:30,0.3277363916985492,0,安全,绿色,无,无,0,,,,,,,,,,,,,,,,,,,,
2025-05-17 12:38:00,0.3978621788507383,0,安全,绿色,无,无,0,,,,,,,,,,,,,,,,,,,,
2025-05-17 12:38:30,0.2971531637305941,0,安全,绿色,无,无,0,,,,,,,,,,,,,,,,,,,,
2025-05-17 12:39:00,0.3383197052336484,0,安全,绿色,无,无,0,,,,,,,,,,,,,,,,,,,,
2025-05-17 12:39:30,0.3458728002975929,0,安全,绿色,无,无,0,,,,,,,,,,,,,,,,,,,,
2025-05-17 12:40:00,0.2905720110610998,0,安全,绿色,无,无,0,,,,,,,,,,,,,,,,,,,,
2025-05-17 12:40:30,0.3618008089715384,0,安全,绿色,无,无,0,,,,,,,,,,,,,,,,,,,,
2025-05-17 12:41:00,0.3372157655427981,0,安全,绿色,无,无,0,,,,,,,,,,,,,,,,,,,,
2025-05-17 12:41:30,0.288293768351285,0,安全,绿色,无,无,0,,,,,,,,,,,,,,,,,,,,
2025-05-17 12:42:00,0.3162513790372072,0,安全,绿色,无,无,0,,,,,,,,,,,,,,,,,,,,
2025-05-17 12:42:30,0.2622264902397918,0,安全,绿色,无,无,0,,,,,,,,,,,,,,,,,,,,
2025-05-17 12:43:00,0.2996570823405454,0,安全,绿色,无,无,0,,,,,,,,,,,,,,,,,,,,
2025-05-17 12:43:30,0.3162513790372072,0,安全,绿色,无,无,0,,,,,,,,,,,,,,,,,,,,
2025-05-17 12:44:00,0.3919360623368047,0,安全,绿色,无,无,0,,,,,,,,,,,,,,,,,,,,
2025-05-17 12:44:30,0.352926679854592,0,安全,绿色,无,无,0,,,,,,,,,,,,,,,,,,,,
2025-05-17 12:45:00,0.3065321778336209,0,安全,绿色,无,无,0,,,,,,,,,,,,,,,,,,,,
2025-05-17 12:45:30,0.2442088720086677,0,安全,绿色,无,无,0,,,,,,,,,,,,,,,,,,,,
2025-05-17 12:46:00,0.3295680746504286,0,安全,绿色,无,无,0,,,,,,,,,,,,,,,,,,,,
2025-05-17 12:46:30,0.329568074650434,0,安全,绿色,无,无,0,,,,,,,,,,,,,,,,,,,,
2025-05-17 12:47:00,0.2954608789484065,0,安全,绿色,无,无,0,,,,,,,,,,,,,,,,,,,,
2025-05-17 12:47:30,0.2978996185491909,0,安全,绿色,无,无,0,,,,,,,,,,,,,,,,,,,,
2025-05-17 12:48:00,0.3329969143349141,0,安全,绿色,无,无,0,,,,,,,,,,,,,,,,,,,,
2025-05-17 12:48:30,0.3289544701701187,0,安全,绿色,无,无,0,,,,,,,,,,,,,,,,,,,,
2025-05-17 12:49:00,0.336693694174039,0,安全,绿色,无,无,0,,,,,,,,,,,,,,,,,,,,
2025-05-17 12:49:30,0.3289544701701187,0,安全,绿色,无,无,0,,,,,,,,,,,,,,,,,,,,
2025-05-17 12:50:00,0.3834846710096804,0,安全,绿色,无,无,0,,,,,,,,,,,,,,,,,,,,
2025-05-17 12:50:30,0.336693694174039,0,安全,绿色,无,无,0,,,,,,,,,,,,,,,,,,,,
2025-05-17 12:51:00,0.4494855429242203,0,安全,绿色,无,无,0,,,,,,,,,,,,,,,,,,,,
2025-05-17 12:51:30,0.2815697700893939,0,安全,绿色,无,无,0,,,,,,,,,,,,,,,,,,,,
2025-05-17 12:52:00,0.3567872184441751,0,安全,绿色,无,无,0,,,,,,,,,,,,,,,,,,,,
2025-05-17 12:52:30,1.0933024771870667,1,警告,黄色,轧制区; 炼钢区,炼钢区_流量计_吹氧流量; 轧制区_尺寸测量仪_材料宽度,2,炼钢区_流量计_吹氧流量,吹氧流量异常,氧气流量偏离工艺要求,吹氧流量变化会影响钢水成分，进而影响连铸区操作参数,检查供氧系统，调整吹氧参数,轧制区_尺寸测量仪_材料宽度,板材宽度异常,轧制产品宽度偏离规格要求,影响产品成材率和客户满意度,检查导卫装置，调整轧制中心线,,,,,,,,,,
2025-05-17 12:53:00,0.5650467206658477,0,安全,绿色,无,无,0,,,,,,,,,,,,,,,,,,,,
2025-05-17 12:53:30,0.467038156969277,0,安全,绿色,无,无,0,,,,,,,,,,,,,,,,,,,,
2025-05-17 12:54:00,0.5554275064538857,0,安全,绿色,无,无,0,,,,,,,,,,,,,,,,,,,,
2025-05-17 12:54:30,0.52431356338778,0,安全,绿色,无,无,0,,,,,,,,,,,,,,,,,,,,
2025-05-17 12:55:00,0.4713423722792554,0,安全,绿色,无,无,0,,,,,,,,,,,,,,,,,,,,
2025-05-17 12:55:30,0.4055654760205793,0,安全,绿色,无,无,0,,,,,,,,,,,,,,,,,,,,
2025-05-17 12:56:00,0.3631813830726327,0,安全,绿色,无,无,0,,,,,,,,,,,,,,,,,,,,
2025-05-17 12:56:30,0.3684523955615529,0,安全,绿色,无,无,0,,,,,,,,,,,,,,,,,,,,
2025-05-17 12:57:00,0.4144132717704398,0,安全,绿色,无,无,0,,,,,,,,,,,,,,,,,,,,
2025-05-17 12:57:30,0.3004385948383761,0,安全,绿色,无,无,0,,,,,,,,,,,,,,,,,,,,
2025-05-17 12:58:00,0.3645559237991402,0,安全,绿色,无,无,0,,,,,,,,,,,,,,,,,,,,
2025-05-17 12:58:30,0.4015647822975289,0,安全,绿色,无,无,0,,,,,,,,,,,,,,,,,,,,
2025-05-17 12:59:00,0.3267663591093341,0,安全,绿色,无,无,0,,,,,,,,,,,,,,,,,,,,
2025-05-17 12:59:30,0.3378033016288538,0,安全,绿色,无,无,0,,,,,,,,,,,,,,,,,,,,
2025-05-17 13:00:00,0.3443556641872138,0,安全,绿色,无,无,0,,,,,,,,,,,,,,,,,,,,
2025-05-17 13:00:30,0.4154112566623574,0,安全,绿色,无,无,0,,,,,,,,,,,,,,,,,,,,
2025-05-17 13:01:00,0.2647595428575147,0,安全,绿色,无,无,0,,,,,,,,,,,,,,,,,,,,
2025-05-17 13:01:30,0.2990133504408073,0,安全,绿色,无,无,0,,,,,,,,,,,,,,,,,,,,
2025-05-17 13:02:00,0.3622220943833114,0,安全,绿色,无,无,0,,,,,,,,,,,,,,,,,,,,
2025-05-17 13:02:30,0.3148087950079913,0,安全,绿色,无,无,0,,,,,,,,,,,,,,,,,,,,
2025-05-17 13:03:00,0.3371453827337669,0,安全,绿色,无,无,0,,,,,,,,,,,,,,,,,,,,
2025-05-17 13:03:30,0.2719370179670174,0,安全,绿色,无,无,0,,,,,,,,,,,,,,,,,,,,
2025-05-17 13:04:00,0.3679694906230911,0,安全,绿色,无,无,0,,,,,,,,,,,,,,,,,,,,
2025-05-17 13:04:30,0.2846138673217601,0,安全,绿色,无,无,0,,,,,,,,,,,,,,,,,,,,
2025-05-17 13:05:00,0.2897808031926648,0,安全,绿色,无,无,0,,,,,,,,,,,,,,,,,,,,
2025-05-17 13:05:30,0.2652924641975822,0,安全,绿色,无,无,0,,,,,,,,,,,,,,,,,,,,
2025-05-17 13:06:00,0.3860912628807316,0,安全,绿色,无,无,0,,,,,,,,,,,,,,,,,,,,
2025-05-17 13:06:30,0.3679694906230911,0,安全,绿色,无,无,0,,,,,,,,,,,,,,,,,,,,
2025-05-17 13:07:00,0.2801294868458061,0,安全,绿色,无,无,0,,,,,,,,,,,,,,,,,,,,
2025-05-17 13:07:30,0.3089888850467463,0,安全,绿色,无,无,0,,,,,,,,,,,,,,,,,,,,
2025-05-17 13:08:00,0.2698375948145758,0,安全,绿色,无,无,0,,,,,,,,,,,,,,,,,,,,
2025-05-17 13:08:30,0.4136793483022729,0,安全,绿色,无,无,0,,,,,,,,,,,,,,,,,,,,
2025-05-17 13:09:00,0.3168229958823772,0,安全,绿色,无,无,0,,,,,,,,,,,,,,,,,,,,
2025-05-17 13:09:30,0.9286360851669891,1,警告,黄色,轧制区,轧制区_力传感器_轧制力,1,轧制区_力传感器_轧制力,轧制力异常,轧制力偏离预期值，可能设备或工艺异常,轧制力和轧制速度变化会影响成品厚度/宽度，进而影响热处理参数,检查轧机状态，调整轧制参数,,,,,,,,,,,,,,,
2025-05-17 13:10:00,0.2533138072088722,0,安全,绿色,无,无,0,,,,,,,,,,,,,,,,,,,,
2025-05-17 13:10:30,0.2385941258402992,0,安全,绿色,无,无,0,,,,,,,,,,,,,,,,,,,,
2025-05-17 13:11:00,0.2621993501848853,0,安全,绿色,无,无,0,,,,,,,,,,,,,,,,,,,,
2025-05-17 13:11:30,0.2505242818231793,0,安全,绿色,无,无,0,,,,,,,,,,,,,,,,,,,,
2025-05-17 13:12:00,0.2385941258402992,0,安全,绿色,无,无,0,,,,,,,,,,,,,,,,,,,,
2025-05-17 13:12:30,0.2838947323125355,0,安全,绿色,无,无,0,,,,,,,,,,,,,,,,,,,,
2025-05-17 13:13:00,0.2951788472810545,0,安全,绿色,无,无,0,,,,,,,,,,,,,,,,,,,,
2025-05-17 13:13:30,0.2518539578167597,0,安全,绿色,无,无,0,,,,,,,,,,,,,,,,,,,,
2025-05-17 13:14:00,0.2951362750257612,0,安全,绿色,无,无,0,,,,,,,,,,,,,,,,,,,,
2025-05-17 13:14:30,0.3579072106426526,0,安全,绿色,无,无,0,,,,,,,,,,,,,,,,,,,,
2025-05-17 13:15:00,0.3343225216317135,0,安全,绿色,无,无,0,,,,,,,,,,,,,,,,,,,,
2025-05-17 13:15:30,0.3819471661878019,0,安全,绿色,无,无,0,,,,,,,,,,,,,,,,,,,,
2025-05-17 13:16:00,0.2991592453945136,0,安全,绿色,无,无,0,,,,,,,,,,,,,,,,,,,,
2025-05-17 13:16:30,0.2429433831524979,0,安全,绿色,无,无,0,,,,,,,,,,,,,,,,,,,,
2025-05-17 13:17:00,0.3118833208000658,0,安全,绿色,无,无,0,,,,,,,,,,,,,,,,,,,,
2025-05-17 13:17:30,0.2893471945248732,0,安全,绿色,无,无,0,,,,,,,,,,,,,,,,,,,,
2025-05-17 13:18:00,0.2513056812559546,0,安全,绿色,无,无,0,,,,,,,,,,,,,,,,,,,,
2025-05-17 13:18:30,0.2520663241995531,0,安全,绿色,无,无,0,,,,,,,,,,,,,,,,,,,,
2025-05-17 13:19:00,0.3119873958379179,0,安全,绿色,无,无,0,,,,,,,,,,,,,,,,,,,,
2025-05-17 13:19:30,0.2708508087544177,0,安全,绿色,无,无,0,,,,,,,,,,,,,,,,,,,,
2025-05-17 13:20:00,0.3314436567999365,0,安全,绿色,无,无,0,,,,,,,,,,,,,,,,,,,,
2025-05-17 13:20:30,0.3064173778535217,0,安全,绿色,无,无,0,,,,,,,,,,,,,,,,,,,,
2025-05-17 13:21:00,0.2560409812037517,0,安全,绿色,无,无,0,,,,,,,,,,,,,,,,,,,,
2025-05-17 13:21:30,0.3150258165202296,0,安全,绿色,无,无,0,,,,,,,,,,,,,,,,,,,,
2025-05-17 13:22:00,0.3042168478492447,0,安全,绿色,无,无,0,,,,,,,,,,,,,,,,,,,,
2025-05-17 13:22:30,0.3443829837695987,0,安全,绿色,无,无,0,,,,,,,,,,,,,,,,,,,,
2025-05-17 13:23:00,0.3250481110611239,0,安全,绿色,无,无,0,,,,,,,,,,,,,,,,,,,,
2025-05-17 13:23:30,0.3447746057404425,0,安全,绿色,无,无,0,,,,,,,,,,,,,,,,,,,,
2025-05-17 13:24:00,0.3518284934577534,0,安全,绿色,无,无,0,,,,,,,,,,,,,,,,,,,,
2025-05-17 13:24:30,0.6235930217678284,0,安全,绿色,无,无,0,,,,,,,,,,,,,,,,,,,,
2025-05-17 13:25:00,0.5340556614594414,0,安全,绿色,无,无,0,,,,,,,,,,,,,,,,,,,,
2025-05-17 13:25:30,0.425580021380691,0,安全,绿色,无,无,0,,,,,,,,,,,,,,,,,,,,
2025-05-17 13:26:00,0.3755493399775044,0,安全,绿色,无,无,0,,,,,,,,,,,,,,,,,,,,
2025-05-17 13:26:30,0.996629514835888,1,警告,黄色,轧制区,轧制区_力传感器_轧制力,1,轧制区_力传感器_轧制力,轧制力异常,轧制力偏离预期值，可能设备或工艺异常,轧制力和轧制速度变化会影响成品厚度/宽度，进而影响热处理参数,检查轧机状态，调整轧制参数,,,,,,,,,,,,,,,
2025-05-17 13:27:00,0.4187460687241416,0,安全,绿色,无,无,0,,,,,,,,,,,,,,,,,,,,
2025-05-17 13:27:30,0.4110053951936622,0,安全,绿色,无,无,0,,,,,,,,,,,,,,,,,,,,
2025-05-17 13:28:00,0.4187460687241416,0,安全,绿色,无,无,0,,,,,,,,,,,,,,,,,,,,
2025-05-17 13:28:30,0.3949386195987278,0,安全,绿色,无,无,0,,,,,,,,,,,,,,,,,,,,
2025-05-17 13:29:00,0.4525539331764097,0,安全,绿色,无,无,0,,,,,,,,,,,,,,,,,,,,
2025-05-17 13:29:30,0.3889611604258783,0,安全,绿色,无,无,0,,,,,,,,,,,,,,,,,,,,
2025-05-17 13:30:00,0.387708795305935,0,安全,绿色,无,无,0,,,,,,,,,,,,,,,,,,,,
2025-05-17 13:30:30,0.3684287305502841,0,安全,绿色,无,无,0,,,,,,,,,,,,,,,,,,,,
2025-05-17 13:31:00,0.4104522334955772,0,安全,绿色,无,无,0,,,,,,,,,,,,,,,,,,,,
2025-05-17 13:31:30,0.2795913005444318,0,安全,绿色,无,无,0,,,,,,,,,,,,,,,,,,,,
2025-05-17 13:32:00,0.3579056527300459,0,安全,绿色,无,无,0,,,,,,,,,,,,,,,,,,,,
2025-05-17 13:32:30,0.2722068404749337,0,安全,绿色,无,无,0,,,,,,,,,,,,,,,,,,,,
2025-05-17 13:33:00,0.2768774836680041,0,安全,绿色,无,无,0,,,,,,,,,,,,,,,,,,,,
2025-05-17 13:33:30,0.3306897284247143,0,安全,绿色,无,无,0,,,,,,,,,,,,,,,,,,,,
2025-05-17 13:34:00,0.3137832522740721,0,安全,绿色,无,无,0,,,,,,,,,,,,,,,,,,,,
2025-05-17 13:34:30,0.2795913005444318,0,安全,绿色,无,无,0,,,,,,,,,,,,,,,,,,,,
2025-05-17 13:35:00,0.3243908065481274,0,安全,绿色,无,无,0,,,,,,,,,,,,,,,,,,,,
2025-05-17 13:35:30,0.3243908065481274,0,安全,绿色,无,无,0,,,,,,,,,,,,,,,,,,,,
2025-05-17 13:36:00,0.2962738681190526,0,安全,绿色,无,无,0,,,,,,,,,,,,,,,,,,,,
2025-05-17 13:36:30,0.288069023471399,0,安全,绿色,无,无,0,,,,,,,,,,,,,,,,,,,,
2025-05-17 13:37:00,0.3464728436668073,0,安全,绿色,无,无,0,,,,,,,,,,,,,,,,,,,,
2025-05-17 13:37:30,0.3727093012601203,0,安全,绿色,无,无,0,,,,,,,,,,,,,,,,,,,,
2025-05-17 13:38:00,0.2908447712495615,0,安全,绿色,无,无,0,,,,,,,,,,,,,,,,,,,,
2025-05-17 13:38:30,0.2897046622516519,0,安全,绿色,无,无,0,,,,,,,,,,,,,,,,,,,,
2025-05-17 13:39:00,0.2767043122154373,0,安全,绿色,无,无,0,,,,,,,,,,,,,,,,,,,,
2025-05-17 13:39:30,0.2784966567884108,0,安全,绿色,无,无,0,,,,,,,,,,,,,,,,,,,,
2025-05-17 13:40:00,0.3535515625148226,0,安全,绿色,无,无,0,,,,,,,,,,,,,,,,,,,,
2025-05-17 13:40:30,0.2803596057528722,0,安全,绿色,无,无,0,,,,,,,,,,,,,,,,,,,,
2025-05-17 13:41:00,0.3106889385260645,0,安全,绿色,无,无,0,,,,,,,,,,,,,,,,,,,,
2025-05-17 13:41:30,0.282492889143644,0,安全,绿色,无,无,0,,,,,,,,,,,,,,,,,,,,
2025-05-17 13:42:00,0.2501862270472541,0,安全,绿色,无,无,0,,,,,,,,,,,,,,,,,,,,
2025-05-17 13:42:30,0.2693005497688677,0,安全,绿色,无,无,0,,,,,,,,,,,,,,,,,,,,
2025-05-17 13:43:00,0.2959979689332319,0,安全,绿色,无,无,0,,,,,,,,,,,,,,,,,,,,
2025-05-17 13:43:30,0.2244052985042389,0,安全,绿色,无,无,0,,,,,,,,,,,,,,,,,,,,
2025-05-17 13:44:00,0.8311904406805858,1,警告,黄色,轧制区,轧制区_力传感器_轧制力,1,轧制区_力传感器_轧制力,轧制力异常,轧制力偏离预期值，可能设备或工艺异常,轧制力和轧制速度变化会影响成品厚度/宽度，进而影响热处理参数,检查轧机状态，调整轧制参数,,,,,,,,,,,,,,,
2025-05-17 13:44:30,0.2546678347152841,0,安全,绿色,无,无,0,,,,,,,,,,,,,,,,,,,,
2025-05-17 13:45:00,0.2664100197328234,0,安全,绿色,无,无,0,,,,,,,,,,,,,,,,,,,,
2025-05-17 13:45:30,0.2501862270472541,0,安全,绿色,无,无,0,,,,,,,,,,,,,,,,,,,,
2025-05-17 13:46:00,0.2774577459724803,0,安全,绿色,无,无,0,,,,,,,,,,,,,,,,,,,,
2025-05-17 13:46:30,0.2967256462960904,0,安全,绿色,无,无,0,,,,,,,,,,,,,,,,,,,,
2025-05-17 13:47:00,0.3347959194422735,0,安全,绿色,无,无,0,,,,,,,,,,,,,,,,,,,,
2025-05-17 13:47:30,0.2916790710934008,0,安全,绿色,无,无,0,,,,,,,,,,,,,,,,,,,,
2025-05-17 13:48:00,0.2906828881766234,0,安全,绿色,无,无,0,,,,,,,,,,,,,,,,,,,,
2025-05-17 13:48:30,0.2940036564680504,0,安全,绿色,无,无,0,,,,,,,,,,,,,,,,,,,,
2025-05-17 13:49:00,0.2770976128381403,0,安全,绿色,无,无,0,,,,,,,,,,,,,,,,,,,,
2025-05-17 13:49:30,0.2790675339287376,0,安全,绿色,无,无,0,,,,,,,,,,,,,,,,,,,,
2025-05-17 13:50:00,0.2381032712451354,0,安全,绿色,无,无,0,,,,,,,,,,,,,,,,,,,,
2025-05-17 13:50:30,0.314287924209612,0,安全,绿色,无,无,0,,,,,,,,,,,,,,,,,,,,
2025-05-17 13:51:00,0.4120678827350284,0,安全,绿色,无,无,0,,,,,,,,,,,,,,,,,,,,
2025-05-17 13:51:30,0.3011941899952861,0,安全,绿色,无,无,0,,,,,,,,,,,,,,,,,,,,
2025-05-17 13:52:00,0.3018758694405233,0,安全,绿色,无,无,0,,,,,,,,,,,,,,,,,,,,
2025-05-17 13:52:30,0.3008563579328728,0,安全,绿色,无,无,0,,,,,,,,,,,,,,,,,,,,
2025-05-17 13:53:00,0.3821260941620992,0,安全,绿色,无,无,0,,,,,,,,,,,,,,,,,,,,
2025-05-17 13:53:30,0.3735015517492066,0,安全,绿色,无,无,0,,,,,,,,,,,,,,,,,,,,
2025-05-17 13:54:00,0.3466563301209173,0,安全,绿色,无,无,0,,,,,,,,,,,,,,,,,,,,
2025-05-17 13:54:30,0.3851384376288273,0,安全,绿色,无,无,0,,,,,,,,,,,,,,,,,,,,
2025-05-17 13:55:00,0.292741054656806,0,安全,绿色,无,无,0,,,,,,,,,,,,,,,,,,,,
2025-05-17 13:55:30,0.3084849641567513,0,安全,绿色,无,无,0,,,,,,,,,,,,,,,,,,,,
2025-05-17 13:56:00,0.3537470569482815,0,安全,绿色,无,无,0,,,,,,,,,,,,,,,,,,,,
2025-05-17 13:56:30,0.3099520034027374,0,安全,绿色,无,无,0,,,,,,,,,,,,,,,,,,,,
2025-05-17 13:57:00,0.288654018280482,0,安全,绿色,无,无,0,,,,,,,,,,,,,,,,,,,,
2025-05-17 13:57:30,0.3213334984087646,0,安全,绿色,无,无,0,,,,,,,,,,,,,,,,,,,,
2025-05-17 13:58:00,0.2999701538587542,0,安全,绿色,无,无,0,,,,,,,,,,,,,,,,,,,,
2025-05-17 13:58:30,0.3008779859061388,0,安全,绿色,无,无,0,,,,,,,,,,,,,,,,,,,,
2025-05-17 13:59:00,0.3301236936847305,0,安全,绿色,无,无,0,,,,,,,,,,,,,,,,,,,,
2025-05-17 13:59:30,0.3059984800558135,0,安全,绿色,无,无,0,,,,,,,,,,,,,,,,,,,,
2025-05-17 14:00:00,0.3233998365216144,0,安全,绿色,无,无,0,,,,,,,,,,,,,,,,,,,,
2025-05-17 14:00:30,0.3039110401535987,0,安全,绿色,无,无,0,,,,,,,,,,,,,,,,,,,,
2025-05-17 14:01:00,0.9472921389762824,1,警告,黄色,轧制区,轧制区_力传感器_轧制力,1,轧制区_力传感器_轧制力,轧制力异常,轧制力偏离预期值，可能设备或工艺异常,轧制力和轧制速度变化会影响成品厚度/宽度，进而影响热处理参数,检查轧机状态，调整轧制参数,,,,,,,,,,,,,,,
2025-05-17 14:01:30,0.3146958232900939,0,安全,绿色,无,无,0,,,,,,,,,,,,,,,,,,,,
2025-05-17 14:02:00,0.3104772748868386,0,安全,绿色,无,无,0,,,,,,,,,,,,,,,,,,,,
2025-05-17 14:02:30,0.2780621524321696,0,安全,绿色,无,无,0,,,,,,,,,,,,,,,,,,,,
2025-05-17 14:03:00,0.3339102392083183,0,安全,绿色,无,无,0,,,,,,,,,,,,,,,,,,,,
2025-05-17 14:03:30,0.392781407866182,0,安全,绿色,无,无,0,,,,,,,,,,,,,,,,,,,,
2025-05-17 14:04:00,0.2505171117692238,0,安全,绿色,无,无,0,,,,,,,,,,,,,,,,,,,,
2025-05-17 14:04:30,0.2995617657871097,0,安全,绿色,无,无,0,,,,,,,,,,,,,,,,,,,,
2025-05-17 14:05:00,0.3298592470134749,0,安全,绿色,无,无,0,,,,,,,,,,,,,,,,,,,,
2025-05-17 14:05:30,0.3184676522332155,0,安全,绿色,无,无,0,,,,,,,,,,,,,,,,,,,,
2025-05-17 14:06:00,0.3378656497817585,0,安全,绿色,无,无,0,,,,,,,,,,,,,,,,,,,,
2025-05-17 14:06:30,0.4017987235362891,0,安全,绿色,无,无,0,,,,,,,,,,,,,,,,,,,,
2025-05-17 14:07:00,0.3184676522332155,0,安全,绿色,无,无,0,,,,,,,,,,,,,,,,,,,,
2025-05-17 14:07:30,0.2852857241822666,0,安全,绿色,无,无,0,,,,,,,,,,,,,,,,,,,,
2025-05-17 14:08:00,0.2701058981858644,0,安全,绿色,无,无,0,,,,,,,,,,,,,,,,,,,,
2025-05-17 14:08:30,0.281792724647091,0,安全,绿色,无,无,0,,,,,,,,,,,,,,,,,,,,
2025-05-17 14:09:00,0.2869013264813507,0,安全,绿色,无,无,0,,,,,,,,,,,,,,,,,,,,
2025-05-17 14:09:30,0.2747385337454943,0,安全,绿色,无,无,0,,,,,,,,,,,,,,,,,,,,
2025-05-17 14:10:00,0.269326680219819,0,安全,绿色,无,无,0,,,,,,,,,,,,,,,,,,,,
2025-05-17 14:10:30,0.2803686786657487,0,安全,绿色,无,无,0,,,,,,,,,,,,,,,,,,,,
2025-05-17 14:11:00,0.2943127530723716,0,安全,绿色,无,无,0,,,,,,,,,,,,,,,,,,,,
2025-05-17 14:11:30,0.3731228476644679,0,安全,绿色,无,无,0,,,,,,,,,,,,,,,,,,,,
2025-05-17 14:12:00,0.4190679940899021,0,安全,绿色,无,无,0,,,,,,,,,,,,,,,,,,,,
2025-05-17 14:12:30,0.3901042424155413,0,安全,绿色,无,无,0,,,,,,,,,,,,,,,,,,,,
2025-05-17 14:13:00,0.3373722439132902,0,安全,绿色,无,无,0,,,,,,,,,,,,,,,,,,,,
2025-05-17 14:13:30,0.5139258701463423,0,安全,绿色,无,无,0,,,,,,,,,,,,,,,,,,,,
2025-05-17 14:14:00,0.4176528662315649,0,安全,绿色,无,无,0,,,,,,,,,,,,,,,,,,,,
2025-05-17 14:14:30,0.4742255087025543,0,安全,绿色,无,无,0,,,,,,,,,,,,,,,,,,,,
2025-05-17 14:15:00,0.4257459689578637,0,安全,绿色,无,无,0,,,,,,,,,,,,,,,,,,,,
2025-05-17 14:15:30,0.3739613802866397,0,安全,绿色,无,无,0,,,,,,,,,,,,,,,,,,,,
2025-05-17 14:16:00,0.3667616846913305,0,安全,绿色,无,无,0,,,,,,,,,,,,,,,,,,,,
2025-05-17 14:16:30,0.4370394504208814,0,安全,绿色,无,无,0,,,,,,,,,,,,,,,,,,,,
2025-05-17 14:17:00,0.3739613802866397,0,安全,绿色,无,无,0,,,,,,,,,,,,,,,,,,,,
2025-05-17 14:17:30,0.4417988101064272,0,安全,绿色,无,无,0,,,,,,,,,,,,,,,,,,,,
2025-05-17 14:18:00,1.0018411951802757,1,警告,黄色,轧制区,轧制区_力传感器_轧制力,1,轧制区_力传感器_轧制力,轧制力异常,轧制力偏离预期值，可能设备或工艺异常,轧制力和轧制速度变化会影响成品厚度/宽度，进而影响热处理参数,检查轧机状态，调整轧制参数,,,,,,,,,,,,,,,
2025-05-17 14:18:30,0.4030146031674311,0,安全,绿色,无,无,0,,,,,,,,,,,,,,,,,,,,
2025-05-17 14:19:00,0.5331066401237146,0,安全,绿色,无,无,0,,,,,,,,,,,,,,,,,,,,
2025-05-17 14:19:30,0.4542893952555999,0,安全,绿色,无,无,0,,,,,,,,,,,,,,,,,,,,
2025-05-17 14:20:00,0.3811369548759134,0,安全,绿色,无,无,0,,,,,,,,,,,,,,,,,,,,
2025-05-17 14:20:30,0.3217768814588023,0,安全,绿色,无,无,0,,,,,,,,,,,,,,,,,,,,
2025-05-17 14:21:00,0.3003982404370129,0,安全,绿色,无,无,0,,,,,,,,,,,,,,,,,,,,
2025-05-17 14:21:30,0.3312593983462497,0,安全,绿色,无,无,0,,,,,,,,,,,,,,,,,,,,
2025-05-17 14:22:00,0.3037151297989362,0,安全,绿色,无,无,0,,,,,,,,,,,,,,,,,,,,
2025-05-17 14:22:30,0.3888369453430711,0,安全,绿色,无,无,0,,,,,,,,,,,,,,,,,,,,
2025-05-17 14:23:00,0.4431299829272868,0,安全,绿色,无,无,0,,,,,,,,,,,,,,,,,,,,
2025-05-17 14:23:30,0.276706432872793,0,安全,绿色,无,无,0,,,,,,,,,,,,,,,,,,,,
2025-05-17 14:24:00,0.3582509068325454,0,安全,绿色,无,无,0,,,,,,,,,,,,,,,,,,,,
2025-05-17 14:24:30,0.3003982404370129,0,安全,绿色,无,无,0,,,,,,,,,,,,,,,,,,,,
2025-05-17 14:25:00,0.3325095891921207,0,安全,绿色,无,无,0,,,,,,,,,,,,,,,,,,,,
2025-05-17 14:25:30,0.2707490632643066,0,安全,绿色,无,无,0,,,,,,,,,,,,,,,,,,,,
2025-05-17 14:26:00,0.2743361833937344,0,安全,绿色,无,无,0,,,,,,,,,,,,,,,,,,,,
2025-05-17 14:26:30,0.2711810790078526,0,安全,绿色,无,无,0,,,,,,,,,,,,,,,,,,,,
2025-05-17 14:27:00,0.3005645092105352,0,安全,绿色,无,无,0,,,,,,,,,,,,,,,,,,,,
2025-05-17 14:27:30,0.3400200369278268,0,安全,绿色,无,无,0,,,,,,,,,,,,,,,,,,,,
2025-05-17 14:28:00,0.3883030759790704,0,安全,绿色,无,无,0,,,,,,,,,,,,,,,,,,,,
2025-05-17 14:28:30,0.3247236246873751,0,安全,绿色,无,无,0,,,,,,,,,,,,,,,,,,,,
2025-05-17 14:29:00,0.3512188487093689,0,安全,绿色,无,无,0,,,,,,,,,,,,,,,,,,,,
2025-05-17 14:29:30,0.3315424575584459,0,安全,绿色,无,无,0,,,,,,,,,,,,,,,,,,,,
2025-05-17 14:30:00,0.3255328454551306,0,安全,绿色,无,无,0,,,,,,,,,,,,,,,,,,,,
2025-05-17 14:30:30,0.3410177070221551,0,安全,绿色,无,无,0,,,,,,,,,,,,,,,,,,,,
2025-05-17 14:31:00,0.3166491963377471,0,安全,绿色,无,无,0,,,,,,,,,,,,,,,,,,,,
2025-05-17 14:31:30,0.3123663407653189,0,安全,绿色,无,无,0,,,,,,,,,,,,,,,,,,,,
2025-05-17 14:32:00,0.4425942489712795,0,安全,绿色,无,无,0,,,,,,,,,,,,,,,,,,,,
2025-05-17 14:32:30,0.3833756392359488,0,安全,绿色,无,无,0,,,,,,,,,,,,,,,,,,,,
2025-05-17 14:33:00,0.3995610260555416,0,安全,绿色,无,无,0,,,,,,,,,,,,,,,,,,,,
2025-05-17 14:33:30,0.3596390815276476,0,安全,绿色,无,无,0,,,,,,,,,,,,,,,,,,,,
2025-05-17 14:34:00,0.3512837411262934,0,安全,绿色,无,无,0,,,,,,,,,,,,,,,,,,,,
2025-05-17 14:34:30,0.3229732223799799,0,安全,绿色,无,无,0,,,,,,,,,,,,,,,,,,,,
2025-05-17 14:35:00,0.4041498137424429,0,安全,绿色,无,无,0,,,,,,,,,,,,,,,,,,,,
2025-05-17 14:35:30,0.8311904406805858,1,警告,黄色,轧制区,轧制区_力传感器_轧制力,1,轧制区_力传感器_轧制力,轧制力异常,轧制力偏离预期值，可能设备或工艺异常,轧制力和轧制速度变化会影响成品厚度/宽度，进而影响热处理参数,检查轧机状态，调整轧制参数,,,,,,,,,,,,,,,
2025-05-17 14:36:00,0.3512837411262934,0,安全,绿色,无,无,0,,,,,,,,,,,,,,,,,,,,
2025-05-17 14:36:30,0.3056758287968343,0,安全,绿色,无,无,0,,,,,,,,,,,,,,,,,,,,
2025-05-17 14:37:00,0.3210196809646333,0,安全,绿色,无,无,0,,,,,,,,,,,,,,,,,,,,
2025-05-17 14:37:30,0.3580939042356851,0,安全,绿色,无,无,0,,,,,,,,,,,,,,,,,,,,
2025-05-17 14:38:00,0.3112658346366459,0,安全,绿色,无,无,0,,,,,,,,,,,,,,,,,,,,
2025-05-17 14:38:30,0.3658784106005931,0,安全,绿色,无,无,0,,,,,,,,,,,,,,,,,,,,
2025-05-17 14:39:00,0.3288418295704104,0,安全,绿色,无,无,0,,,,,,,,,,,,,,,,,,,,
2025-05-17 14:39:30,0.2874248984890746,0,安全,绿色,无,无,0,,,,,,,,,,,,,,,,,,,,
2025-05-17 14:40:00,0.299835845513602,0,安全,绿色,无,无,0,,,,,,,,,,,,,,,,,,,,
2025-05-17 14:40:30,0.2749232682536535,0,安全,绿色,无,无,0,,,,,,,,,,,,,,,,,,,,
2025-05-17 14:41:00,0.2723103201788565,0,安全,绿色,无,无,0,,,,,,,,,,,,,,,,,,,,
2025-05-17 14:41:30,0.3161306680547388,0,安全,绿色,无,无,0,,,,,,,,,,,,,,,,,,,,
2025-05-17 14:42:00,0.2870931213198051,0,安全,绿色,无,无,0,,,,,,,,,,,,,,,,,,,,
2025-05-17 14:42:30,0.2770235623200371,0,安全,绿色,无,无,0,,,,,,,,,,,,,,,,,,,,
2025-05-17 14:43:00,0.2918219106131077,0,安全,绿色,无,无,0,,,,,,,,,,,,,,,,,,,,
2025-05-17 14:43:30,0.2900747403290842,0,安全,绿色,无,无,0,,,,,,,,,,,,,,,,,,,,
2025-05-17 14:44:00,0.3374290868101928,0,安全,绿色,无,无,0,,,,,,,,,,,,,,,,,,,,
2025-05-17 14:44:30,0.3382811194942813,0,安全,绿色,无,无,0,,,,,,,,,,,,,,,,,,,,
2025-05-17 14:45:00,0.3410723497678922,0,安全,绿色,无,无,0,,,,,,,,,,,,,,,,,,,,
2025-05-17 14:45:30,0.2728227706039645,0,安全,绿色,无,无,0,,,,,,,,,,,,,,,,,,,,
2025-05-17 14:46:00,0.3278817628989373,0,安全,绿色,无,无,0,,,,,,,,,,,,,,,,,,,,
2025-05-17 14:46:30,0.3095015001583497,0,安全,绿色,无,无,0,,,,,,,,,,,,,,,,,,,,
2025-05-17 14:47:00,0.300803041635588,0,安全,绿色,无,无,0,,,,,,,,,,,,,,,,,,,,
2025-05-17 14:47:30,0.2882933378407524,0,安全,绿色,无,无,0,,,,,,,,,,,,,,,,,,,,
2025-05-17 14:48:00,0.3040522404885548,0,安全,绿色,无,无,0,,,,,,,,,,,,,,,,,,,,
2025-05-17 14:48:30,0.3205956234062389,0,安全,绿色,无,无,0,,,,,,,,,,,,,,,,,,,,
2025-05-17 14:49:00,0.3451978702141262,0,安全,绿色,无,无,0,,,,,,,,,,,,,,,,,,,,
2025-05-17 14:49:30,0.3076269202356918,0,安全,绿色,无,无,0,,,,,,,,,,,,,,,,,,,,
2025-05-17 14:50:00,0.2756922930242986,0,安全,绿色,无,无,0,,,,,,,,,,,,,,,,,,,,
2025-05-17 14:50:30,0.3414703058465717,0,安全,绿色,无,无,0,,,,,,,,,,,,,,,,,,,,
2025-05-17 14:51:00,0.3205956234062389,0,安全,绿色,无,无,0,,,,,,,,,,,,,,,,,,,,
2025-05-17 14:51:30,0.3098294110630472,0,安全,绿色,无,无,0,,,,,,,,,,,,,,,,,,,,
2025-05-17 14:52:00,0.3704718628408778,0,安全,绿色,无,无,0,,,,,,,,,,,,,,,,,,,,
2025-05-17 14:52:30,0.7336036019094511,0,安全,绿色,无,无,0,,,,,,,,,,,,,,,,,,,,
2025-05-17 14:53:00,0.3453243411104916,0,安全,绿色,无,无,0,,,,,,,,,,,,,,,,,,,,
2025-05-17 14:53:30,0.2603875514121909,0,安全,绿色,无,无,0,,,,,,,,,,,,,,,,,,,,
2025-05-17 14:54:00,0.2841130077122255,0,安全,绿色,无,无,0,,,,,,,,,,,,,,,,,,,,
2025-05-17 14:54:30,0.2922260107910368,0,安全,绿色,无,无,0,,,,,,,,,,,,,,,,,,,,
2025-05-17 14:55:00,0.3496546030982477,0,安全,绿色,无,无,0,,,,,,,,,,,,,,,,,,,,
2025-05-17 14:55:30,0.397503300908695,0,安全,绿色,无,无,0,,,,,,,,,,,,,,,,,,,,
2025-05-17 14:56:00,0.3115354792195695,0,安全,绿色,无,无,0,,,,,,,,,,,,,,,,,,,,
2025-05-17 14:56:30,0.3164856386521664,0,安全,绿色,无,无,0,,,,,,,,,,,,,,,,,,,,
2025-05-17 14:57:00,0.275766042343133,0,安全,绿色,无,无,0,,,,,,,,,,,,,,,,,,,,
2025-05-17 14:57:30,0.2879632879773657,0,安全,绿色,无,无,0,,,,,,,,,,,,,,,,,,,,
2025-05-17 14:58:00,0.51796519288965,0,安全,绿色,无,无,0,,,,,,,,,,,,,,,,,,,,
2025-05-17 14:58:30,0.4665251190315531,0,安全,绿色,无,无,0,,,,,,,,,,,,,,,,,,,,
2025-05-17 14:59:00,0.4074626551406681,0,安全,绿色,无,无,0,,,,,,,,,,,,,,,,,,,,
2025-05-17 14:59:30,0.3885612629048311,0,安全,绿色,无,无,0,,,,,,,,,,,,,,,,,,,,
2025-05-17 15:00:00,0.9245319936817822,1,警告,黄色,轧制区,轧制区_温度传感器_坯料温度,1,轧制区_温度传感器_坯料温度,坯料温度异常,轧制前坯料温度偏离工艺要求,影响轧制力分配和产品性能,调整加热炉操作或轧制节拍,,,,,,,,,,,,,,,
2025-05-17 15:00:30,0.3723711398376874,0,安全,绿色,无,无,0,,,,,,,,,,,,,,,,,,,,
2025-05-17 15:01:00,0.3885612629048311,0,安全,绿色,无,无,0,,,,,,,,,,,,,,,,,,,,
2025-05-17 15:01:30,0.4196246516301245,0,安全,绿色,无,无,0,,,,,,,,,,,,,,,,,,,,
2025-05-17 15:02:00,0.4279397288750921,0,安全,绿色,无,无,0,,,,,,,,,,,,,,,,,,,,
2025-05-17 15:02:30,0.340391793281333,0,安全,绿色,无,无,0,,,,,,,,,,,,,,,,,,,,
2025-05-17 15:03:00,0.3788928237850856,0,安全,绿色,无,无,0,,,,,,,,,,,,,,,,,,,,
2025-05-17 15:03:30,0.3701784251993576,0,安全,绿色,无,无,0,,,,,,,,,,,,,,,,,,,,
2025-05-17 15:04:00,0.3126586877720705,0,安全,绿色,无,无,0,,,,,,,,,,,,,,,,,,,,
2025-05-17 15:04:30,0.3550014269277588,0,安全,绿色,无,无,0,,,,,,,,,,,,,,,,,,,,
2025-05-17 15:05:00,0.3833554835824032,0,安全,绿色,无,无,0,,,,,,,,,,,,,,,,,,,,
2025-05-17 15:05:30,0.3891680420149696,0,安全,绿色,无,无,0,,,,,,,,,,,,,,,,,,,,
2025-05-17 15:06:00,0.3106069213943425,0,安全,绿色,无,无,0,,,,,,,,,,,,,,,,,,,,
2025-05-17 15:06:30,0.3123765767840438,0,安全,绿色,无,无,0,,,,,,,,,,,,,,,,,,,,
2025-05-17 15:07:00,0.3164567407582078,0,安全,绿色,无,无,0,,,,,,,,,,,,,,,,,,,,
2025-05-17 15:07:30,0.2822826639523138,0,安全,绿色,无,无,0,,,,,,,,,,,,,,,,,,,,
2025-05-17 15:08:00,0.2880082016243023,0,安全,绿色,无,无,0,,,,,,,,,,,,,,,,,,,,
2025-05-17 15:08:30,0.2587487918772895,0,安全,绿色,无,无,0,,,,,,,,,,,,,,,,,,,,
2025-05-17 15:09:00,0.4031128027203369,0,安全,绿色,无,无,0,,,,,,,,,,,,,,,,,,,,
2025-05-17 15:09:30,0.9034756022451436,1,警告,黄色,轧制区,轧制区_力传感器_轧制力,1,轧制区_力传感器_轧制力,轧制力异常,轧制力偏离预期值，可能设备或工艺异常,轧制力和轧制速度变化会影响成品厚度/宽度，进而影响热处理参数,检查轧机状态，调整轧制参数,,,,,,,,,,,,,,,
2025-05-17 15:10:00,0.3092926107354513,0,安全,绿色,无,无,0,,,,,,,,,,,,,,,,,,,,
2025-05-17 15:10:30,0.3164567407582078,0,安全,绿色,无,无,0,,,,,,,,,,,,,,,,,,,,
2025-05-17 15:11:00,0.3150799437702846,0,安全,绿色,无,无,0,,,,,,,,,,,,,,,,,,,,
2025-05-17 15:11:30,0.3481471186011676,0,安全,绿色,无,无,0,,,,,,,,,,,,,,,,,,,,
2025-05-17 15:12:00,0.2856477047784517,0,安全,绿色,无,无,0,,,,,,,,,,,,,,,,,,,,
2025-05-17 15:12:30,0.2667582843750679,0,安全,绿色,无,无,0,,,,,,,,,,,,,,,,,,,,
2025-05-17 15:13:00,0.2873274137174465,0,安全,绿色,无,无,0,,,,,,,,,,,,,,,,,,,,
2025-05-17 15:13:30,0.2943090772035927,0,安全,绿色,无,无,0,,,,,,,,,,,,,,,,,,,,
2025-05-17 15:14:00,0.2822826639523138,0,安全,绿色,无,无,0,,,,,,,,,,,,,,,,,,,,
2025-05-17 15:14:30,0.2793517029288597,0,安全,绿色,无,无,0,,,,,,,,,,,,,,,,,,,,
2025-05-17 15:15:00,0.2597778347932081,0,安全,绿色,无,无,0,,,,,,,,,,,,,,,,,,,,
2025-05-17 15:15:30,0.2456404159413464,0,安全,绿色,无,无,0,,,,,,,,,,,,,,,,,,,,
2025-05-17 15:16:00,0.2578456259064756,0,安全,绿色,无,无,0,,,,,,,,,,,,,,,,,,,,
2025-05-17 15:16:30,0.2373696291549893,0,安全,绿色,无,无,0,,,,,,,,,,,,,,,,,,,,
2025-05-17 15:17:00,0.2284407184088672,0,安全,绿色,无,无,0,,,,,,,,,,,,,,,,,,,,
2025-05-17 15:17:30,0.3758540690094237,0,安全,绿色,无,无,0,,,,,,,,,,,,,,,,,,,,
2025-05-17 15:18:00,0.2464930014496802,0,安全,绿色,无,无,0,,,,,,,,,,,,,,,,,,,,
2025-05-17 15:18:30,0.3074602361645125,0,安全,绿色,无,无,0,,,,,,,,,,,,,,,,,,,,
2025-05-17 15:19:00,0.2288449993633646,0,安全,绿色,无,无,0,,,,,,,,,,,,,,,,,,,,
2025-05-17 15:19:30,0.2871044445907825,0,安全,绿色,无,无,0,,,,,,,,,,,,,,,,,,,,
2025-05-17 15:20:00,0.3188235073475163,0,安全,绿色,无,无,0,,,,,,,,,,,,,,,,,,,,
2025-05-17 15:20:30,0.2439710864523579,0,安全,绿色,无,无,0,,,,,,,,,,,,,,,,,,,,
2025-05-17 15:21:00,0.2684390492689052,0,安全,绿色,无,无,0,,,,,,,,,,,,,,,,,,,,
2025-05-17 15:21:30,0.2854215969800506,0,安全,绿色,无,无,0,,,,,,,,,,,,,,,,,,,,
2025-05-17 15:22:00,0.2609877778419904,0,安全,绿色,无,无,0,,,,,,,,,,,,,,,,,,,,
2025-05-17 15:22:30,0.2707626394974389,0,安全,绿色,无,无,0,,,,,,,,,,,,,,,,,,,,
2025-05-17 15:23:00,0.2432601593198811,0,安全,绿色,无,无,0,,,,,,,,,,,,,,,,,,,,
2025-05-17 15:23:30,0.2335593518505078,0,安全,绿色,无,无,0,,,,,,,,,,,,,,,,,,,,
2025-05-17 15:24:00,0.2931979256113575,0,安全,绿色,无,无,0,,,,,,,,,,,,,,,,,,,,
2025-05-17 15:24:30,0.2841273834424732,0,安全,绿色,无,无,0,,,,,,,,,,,,,,,,,,,,
2025-05-17 15:25:00,0.2585533015455563,0,安全,绿色,无,无,0,,,,,,,,,,,,,,,,,,,,
2025-05-17 15:25:30,0.3154863703929607,0,安全,绿色,无,无,0,,,,,,,,,,,,,,,,,,,,
2025-05-17 15:26:00,0.3049497619103667,0,安全,绿色,无,无,0,,,,,,,,,,,,,,,,,,,,
2025-05-17 15:26:30,0.346963947819264,0,安全,绿色,无,无,0,,,,,,,,,,,,,,,,,,,,
2025-05-17 15:27:00,0.3506975979064923,0,安全,绿色,无,无,0,,,,,,,,,,,,,,,,,,,,
2025-05-17 15:27:30,0.3793580424486277,0,安全,绿色,无,无,0,,,,,,,,,,,,,,,,,,,,
2025-05-17 15:28:00,0.2994540029312356,0,安全,绿色,无,无,0,,,,,,,,,,,,,,,,,,,,
2025-05-17 15:28:30,0.313012021210608,0,安全,绿色,无,无,0,,,,,,,,,,,,,,,,,,,,
2025-05-17 15:29:00,0.3347410550493296,0,安全,绿色,无,无,0,,,,,,,,,,,,,,,,,,,,
2025-05-17 15:29:30,0.2662640015055895,0,安全,绿色,无,无,0,,,,,,,,,,,,,,,,,,,,
2025-05-17 15:30:00,0.2870948447858875,0,安全,绿色,无,无,0,,,,,,,,,,,,,,,,,,,,
2025-05-17 15:30:30,0.2852495417021526,0,安全,绿色,无,无,0,,,,,,,,,,,,,,,,,,,,
2025-05-17 15:31:00,0.2873493597531863,0,安全,绿色,无,无,0,,,,,,,,,,,,,,,,,,,,
2025-05-17 15:31:30,0.2850016148823124,0,安全,绿色,无,无,0,,,,,,,,,,,,,,,,,,,,
2025-05-17 15:32:00,0.2591150433090505,0,安全,绿色,无,无,0,,,,,,,,,,,,,,,,,,,,
2025-05-17 15:32:30,0.4271708332186356,0,安全,绿色,无,无,0,,,,,,,,,,,,,,,,,,,,
2025-05-17 15:33:00,0.2358608509324244,0,安全,绿色,无,无,0,,,,,,,,,,,,,,,,,,,,
2025-05-17 15:33:30,0.2580875510107318,0,安全,绿色,无,无,0,,,,,,,,,,,,,,,,,,,,
2025-05-17 15:34:00,0.3304302309096156,0,安全,绿色,无,无,0,,,,,,,,,,,,,,,,,,,,
2025-05-17 15:34:30,0.2543811596769925,0,安全,绿色,无,无,0,,,,,,,,,,,,,,,,,,,,
2025-05-17 15:35:00,0.3175114051292967,0,安全,绿色,无,无,0,,,,,,,,,,,,,,,,,,,,
2025-05-17 15:35:30,0.2801522041844067,0,安全,绿色,无,无,0,,,,,,,,,,,,,,,,,,,,
2025-05-17 15:36:00,0.2179212288208758,0,安全,绿色,无,无,0,,,,,,,,,,,,,,,,,,,,
2025-05-17 15:36:30,0.2327941640091522,0,安全,绿色,无,无,0,,,,,,,,,,,,,,,,,,,,
2025-05-17 15:37:00,0.2543811596769925,0,安全,绿色,无,无,0,,,,,,,,,,,,,,,,,,,,
2025-05-17 15:37:30,0.2228035309185422,0,安全,绿色,无,无,0,,,,,,,,,,,,,,,,,,,,
2025-05-17 15:38:00,0.2537559216493259,0,安全,绿色,无,无,0,,,,,,,,,,,,,,,,,,,,
2025-05-17 15:38:30,0.2014261736390774,0,安全,绿色,无,无,0,,,,,,,,,,,,,,,,,,,,
2025-05-17 15:39:00,0.2853137149484893,0,安全,绿色,无,无,0,,,,,,,,,,,,,,,,,,,,
2025-05-17 15:39:30,0.3002210660097054,0,安全,绿色,无,无,0,,,,,,,,,,,,,,,,,,,,
2025-05-17 15:40:00,0.3156721377943137,0,安全,绿色,无,无,0,,,,,,,,,,,,,,,,,,,,
2025-05-17 15:40:30,0.2179212288208758,0,安全,绿色,无,无,0,,,,,,,,,,,,,,,,,,,,
2025-05-17 15:41:00,0.2246384326686706,0,安全,绿色,无,无,0,,,,,,,,,,,,,,,,,,,,
2025-05-17 15:41:30,0.2370407438812607,0,安全,绿色,无,无,0,,,,,,,,,,,,,,,,,,,,
2025-05-17 15:42:00,0.2722062658207909,0,安全,绿色,无,无,0,,,,,,,,,,,,,,,,,,,,
2025-05-17 15:42:30,0.3209034292402983,0,安全,绿色,无,无,0,,,,,,,,,,,,,,,,,,,,
2025-05-17 15:43:00,0.2640301140476117,0,安全,绿色,无,无,0,,,,,,,,,,,,,,,,,,,,
2025-05-17 15:43:30,0.220389618554872,0,安全,绿色,无,无,0,,,,,,,,,,,,,,,,,,,,
2025-05-17 15:44:00,0.2310765988635666,0,安全,绿色,无,无,0,,,,,,,,,,,,,,,,,,,,
2025-05-17 15:44:30,0.265815379976053,0,安全,绿色,无,无,0,,,,,,,,,,,,,,,,,,,,
2025-05-17 15:45:00,0.3667870673695385,0,安全,绿色,无,无,0,,,,,,,,,,,,,,,,,,,,
2025-05-17 15:45:30,0.343278615494738,0,安全,绿色,无,无,0,,,,,,,,,,,,,,,,,,,,
2025-05-17 15:46:00,0.8179340418910476,1,警告,黄色,轧制区,轧制区_力传感器_轧制力,1,轧制区_力传感器_轧制力,轧制力异常,轧制力偏离预期值，可能设备或工艺异常,轧制力和轧制速度变化会影响成品厚度/宽度，进而影响热处理参数,检查轧机状态，调整轧制参数,,,,,,,,,,,,,,,
2025-05-17 15:46:30,0.5245047388723694,0,安全,绿色,无,无,0,,,,,,,,,,,,,,,,,,,,
2025-05-17 15:47:00,0.3968920689173688,0,安全,绿色,无,无,0,,,,,,,,,,,,,,,,,,,,
2025-05-17 15:47:30,0.346099615217865,0,安全,绿色,无,无,0,,,,,,,,,,,,,,,,,,,,
2025-05-17 15:48:00,0.3668756022469737,0,安全,绿色,无,无,0,,,,,,,,,,,,,,,,,,,,
2025-05-17 15:48:30,0.2817152463060502,0,安全,绿色,无,无,0,,,,,,,,,,,,,,,,,,,,
2025-05-17 15:49:00,0.4715572991807824,0,安全,绿色,无,无,0,,,,,,,,,,,,,,,,,,,,
2025-05-17 15:49:30,0.3401783652634124,0,安全,绿色,无,无,0,,,,,,,,,,,,,,,,,,,,
2025-05-17 15:50:00,0.3752393158987466,0,安全,绿色,无,无,0,,,,,,,,,,,,,,,,,,,,
2025-05-17 15:50:30,0.3157787152444712,0,安全,绿色,无,无,0,,,,,,,,,,,,,,,,,,,,
2025-05-17 15:51:00,0.3550449440195633,0,安全,绿色,无,无,0,,,,,,,,,,,,,,,,,,,,
2025-05-17 15:51:30,0.3412925492703222,0,安全,绿色,无,无,0,,,,,,,,,,,,,,,,,,,,
2025-05-17 15:52:00,0.3459568250365006,0,安全,绿色,无,无,0,,,,,,,,,,,,,,,,,,,,
2025-05-17 15:52:30,0.2886333910699702,0,安全,绿色,无,无,0,,,,,,,,,,,,,,,,,,,,
2025-05-17 15:53:00,0.4769290158051274,0,安全,绿色,无,无,0,,,,,,,,,,,,,,,,,,,,
2025-05-17 15:53:30,0.4890318063896114,0,安全,绿色,无,无,0,,,,,,,,,,,,,,,,,,,,
2025-05-17 15:54:00,0.3372549190859309,0,安全,绿色,无,无,0,,,,,,,,,,,,,,,,,,,,
2025-05-17 15:54:30,0.3328313444377482,0,安全,绿色,无,无,0,,,,,,,,,,,,,,,,,,,,
2025-05-17 15:55:00,0.2904538338248114,0,安全,绿色,无,无,0,,,,,,,,,,,,,,,,,,,,
2025-05-17 15:55:30,0.2847364774727742,0,安全,绿色,无,无,0,,,,,,,,,,,,,,,,,,,,
2025-05-17 15:56:00,0.3328313444377482,0,安全,绿色,无,无,0,,,,,,,,,,,,,,,,,,,,
2025-05-17 15:56:30,0.2834960465610998,0,安全,绿色,无,无,0,,,,,,,,,,,,,,,,,,,,
2025-05-17 15:57:00,0.3367825923646054,0,安全,绿色,无,无,0,,,,,,,,,,,,,,,,,,,,
2025-05-17 15:57:30,0.2800096898968705,0,安全,绿色,无,无,0,,,,,,,,,,,,,,,,,,,,
2025-05-17 15:58:00,0.4104340537679399,0,安全,绿色,无,无,0,,,,,,,,,,,,,,,,,,,,
2025-05-17 15:58:30,0.3688011103879337,0,安全,绿色,无,无,0,,,,,,,,,,,,,,,,,,,,
2025-05-17 15:59:00,0.3868825686771466,0,安全,绿色,无,无,0,,,,,,,,,,,,,,,,,,,,
2025-05-17 15:59:30,0.4490988884656114,0,安全,绿色,无,无,0,,,,,,,,,,,,,,,,,,,,
2025-05-17 16:00:00,0.3129527951872847,0,安全,绿色,无,无,0,,,,,,,,,,,,,,,,,,,,
2025-05-17 16:00:30,0.5103693138731908,0,安全,绿色,无,无,0,,,,,,,,,,,,,,,,,,,,
2025-05-17 16:01:00,0.3740270742914327,0,安全,绿色,无,无,0,,,,,,,,,,,,,,,,,,,,
2025-05-17 16:01:30,0.383276813214421,0,安全,绿色,无,无,0,,,,,,,,,,,,,,,,,,,,
2025-05-17 16:02:00,0.3522001579239228,0,安全,绿色,无,无,0,,,,,,,,,,,,,,,,,,,,
2025-05-17 16:02:30,0.3903368294732577,0,安全,绿色,无,无,0,,,,,,,,,,,,,,,,,,,,
2025-05-17 16:03:00,0.2991002031564676,0,安全,绿色,无,无,0,,,,,,,,,,,,,,,,,,,,
2025-05-17 16:03:30,0.2778684768040955,0,安全,绿色,无,无,0,,,,,,,,,,,,,,,,,,,,
2025-05-17 16:04:00,0.2964838075633234,0,安全,绿色,无,无,0,,,,,,,,,,,,,,,,,,,,
2025-05-17 16:04:30,0.3342140406569672,0,安全,绿色,无,无,0,,,,,,,,,,,,,,,,,,,,
2025-05-17 16:05:00,0.3338702028555719,0,安全,绿色,无,无,0,,,,,,,,,,,,,,,,,,,,
2025-05-17 16:05:30,1.0729953187769394,1,警告,黄色,轧制区,轧制区_力传感器_轧制力,1,轧制区_力传感器_轧制力,轧制力异常,轧制力偏离预期值，可能设备或工艺异常,轧制力和轧制速度变化会影响成品厚度/宽度，进而影响热处理参数,检查轧机状态，调整轧制参数,,,,,,,,,,,,,,,
2025-05-17 16:06:00,0.2837219834007139,0,安全,绿色,无,无,0,,,,,,,,,,,,,,,,,,,,
2025-05-17 16:06:30,0.3072027587434046,0,安全,绿色,无,无,0,,,,,,,,,,,,,,,,,,,,
2025-05-17 16:07:00,0.2887707395186148,0,安全,绿色,无,无,0,,,,,,,,,,,,,,,,,,,,
2025-05-17 16:07:30,0.3030449301819797,0,安全,绿色,无,无,0,,,,,,,,,,,,,,,,,,,,
2025-05-17 16:08:00,0.3233588600831646,0,安全,绿色,无,无,0,,,,,,,,,,,,,,,,,,,,
2025-05-17 16:08:30,0.2493651479591448,0,安全,绿色,无,无,0,,,,,,,,,,,,,,,,,,,,
2025-05-17 16:09:00,0.2161615093813667,0,安全,绿色,无,无,0,,,,,,,,,,,,,,,,,,,,
2025-05-17 16:09:30,0.2420918620275375,0,安全,绿色,无,无,0,,,,,,,,,,,,,,,,,,,,
2025-05-17 16:10:00,0.241349237373127,0,安全,绿色,无,无,0,,,,,,,,,,,,,,,,,,,,
2025-05-17 16:10:30,0.2420918620275375,0,安全,绿色,无,无,0,,,,,,,,,,,,,,,,,,,,
2025-05-17 16:11:00,0.3380781956158563,0,安全,绿色,无,无,0,,,,,,,,,,,,,,,,,,,,
2025-05-17 16:11:30,0.1953851379863639,0,安全,绿色,无,无,0,,,,,,,,,,,,,,,,,,,,
2025-05-17 16:12:00,0.2562174194047106,0,安全,绿色,无,无,0,,,,,,,,,,,,,,,,,,,,
2025-05-17 16:12:30,0.2061814627780537,0,安全,绿色,无,无,0,,,,,,,,,,,,,,,,,,,,
2025-05-17 16:13:00,0.2110001488517925,0,安全,绿色,无,无,0,,,,,,,,,,,,,,,,,,,,
2025-05-17 16:13:30,0.2204628062559165,0,安全,绿色,无,无,0,,,,,,,,,,,,,,,,,,,,
2025-05-17 16:14:00,0.2862905706708986,0,安全,绿色,无,无,0,,,,,,,,,,,,,,,,,,,,
2025-05-17 16:14:30,0.2983513166419259,0,安全,绿色,无,无,0,,,,,,,,,,,,,,,,,,,,
2025-05-17 16:15:00,0.2613824105919753,0,安全,绿色,无,无,0,,,,,,,,,,,,,,,,,,,,
2025-05-17 16:15:30,0.2596705466431029,0,安全,绿色,无,无,0,,,,,,,,,,,,,,,,,,,,
2025-05-17 16:16:00,0.2471264769546862,0,安全,绿色,无,无,0,,,,,,,,,,,,,,,,,,,,
2025-05-17 16:16:30,0.2395764621622136,0,安全,绿色,无,无,0,,,,,,,,,,,,,,,,,,,,
2025-05-17 16:17:00,0.2592454825037351,0,安全,绿色,无,无,0,,,,,,,,,,,,,,,,,,,,
2025-05-17 16:17:30,0.2438223258358591,0,安全,绿色,无,无,0,,,,,,,,,,,,,,,,,,,,
2025-05-17 16:18:00,0.2613824105919753,0,安全,绿色,无,无,0,,,,,,,,,,,,,,,,,,,,
2025-05-17 16:18:30,0.2583185368629678,0,安全,绿色,无,无,0,,,,,,,,,,,,,,,,,,,,
2025-05-17 16:19:00,0.3754613110793601,0,安全,绿色,无,无,0,,,,,,,,,,,,,,,,,,,,
2025-05-17 16:19:30,0.2678559569692692,0,安全,绿色,无,无,0,,,,,,,,,,,,,,,,,,,,
2025-05-17 16:20:00,0.2691305624866169,0,安全,绿色,无,无,0,,,,,,,,,,,,,,,,,,,,
2025-05-17 16:20:30,0.2799675916085078,0,安全,绿色,无,无,0,,,,,,,,,,,,,,,,,,,,
2025-05-17 16:21:00,0.2395764621622136,0,安全,绿色,无,无,0,,,,,,,,,,,,,,,,,,,,
2025-05-17 16:21:30,0.3552507175235505,0,安全,绿色,无,无,0,,,,,,,,,,,,,,,,,,,,
2025-05-17 16:22:00,0.2448541159903679,0,安全,绿色,无,无,0,,,,,,,,,,,,,,,,,,,,
2025-05-17 16:22:30,0.2685764103156602,0,安全,绿色,无,无,0,,,,,,,,,,,,,,,,,,,,
2025-05-17 16:23:00,0.2700816790625326,0,安全,绿色,无,无,0,,,,,,,,,,,,,,,,,,,,
2025-05-17 16:23:30,0.2745929286485864,0,安全,绿色,无,无,0,,,,,,,,,,,,,,,,,,,,
2025-05-17 16:24:00,0.2919821116668823,0,安全,绿色,无,无,0,,,,,,,,,,,,,,,,,,,,
2025-05-17 16:24:30,1.0904472609626163,1,警告,黄色,轧制区,轧制区_力传感器_轧制力,1,轧制区_力传感器_轧制力,轧制力异常,轧制力偏离预期值，可能设备或工艺异常,轧制力和轧制速度变化会影响成品厚度/宽度，进而影响热处理参数,检查轧机状态，调整轧制参数,,,,,,,,,,,,,,,
2025-05-17 16:25:00,0.3062401372452819,0,安全,绿色,无,无,0,,,,,,,,,,,,,,,,,,,,
2025-05-17 16:25:30,0.2739977838738879,0,安全,绿色,无,无,0,,,,,,,,,,,,,,,,,,,,
2025-05-17 16:26:00,0.2969313118838559,0,安全,绿色,无,无,0,,,,,,,,,,,,,,,,,,,,
2025-05-17 16:26:30,0.3179116816545925,0,安全,绿色,无,无,0,,,,,,,,,,,,,,,,,,,,
2025-05-17 16:27:00,0.3353397154913348,0,安全,绿色,无,无,0,,,,,,,,,,,,,,,,,,,,
2025-05-17 16:27:30,0.3307050902643155,0,安全,绿色,无,无,0,,,,,,,,,,,,,,,,,,,,
2025-05-17 16:28:00,0.4232596903983037,0,安全,绿色,无,无,0,,,,,,,,,,,,,,,,,,,,
2025-05-17 16:28:30,0.4324265580366189,0,安全,绿色,无,无,0,,,,,,,,,,,,,,,,,,,,
2025-05-17 16:29:00,0.4473122797223586,0,安全,绿色,无,无,0,,,,,,,,,,,,,,,,,,,,
2025-05-17 16:29:30,0.4637981831524619,0,安全,绿色,无,无,0,,,,,,,,,,,,,,,,,,,,
2025-05-17 16:30:00,0.5626518748197504,0,安全,绿色,无,无,0,,,,,,,,,,,,,,,,,,,,
2025-05-17 16:30:30,0.5087626111155685,0,安全,绿色,无,无,0,,,,,,,,,,,,,,,,,,,,
2025-05-17 16:31:00,0.4357620248644648,0,安全,绿色,无,无,0,,,,,,,,,,,,,,,,,,,,
2025-05-17 16:31:30,0.4096800407990703,0,安全,绿色,无,无,0,,,,,,,,,,,,,,,,,,,,
2025-05-17 16:32:00,0.4547780067345568,0,安全,绿色,无,无,0,,,,,,,,,,,,,,,,,,,,
2025-05-17 16:32:30,0.3341961528754767,0,安全,绿色,无,无,0,,,,,,,,,,,,,,,,,,,,
2025-05-17 16:33:00,0.4147869791530009,0,安全,绿色,无,无,0,,,,,,,,,,,,,,,,,,,,
2025-05-17 16:33:30,0.3788524999865166,0,安全,绿色,无,无,0,,,,,,,,,,,,,,,,,,,,
2025-05-17 16:34:00,0.3462670872528439,0,安全,绿色,无,无,0,,,,,,,,,,,,,,,,,,,,
2025-05-17 16:34:30,0.4980160693536044,0,安全,绿色,无,无,0,,,,,,,,,,,,,,,,,,,,
2025-05-17 16:35:00,0.385887958885013,0,安全,绿色,无,无,0,,,,,,,,,,,,,,,,,,,,
2025-05-17 16:35:30,0.3768533248859093,0,安全,绿色,无,无,0,,,,,,,,,,,,,,,,,,,,
2025-05-17 16:36:00,0.385887958885013,0,安全,绿色,无,无,0,,,,,,,,,,,,,,,,,,,,
2025-05-17 16:36:30,0.3624873404899879,0,安全,绿色,无,无,0,,,,,,,,,,,,,,,,,,,,
2025-05-17 16:37:00,0.3611092424622193,0,安全,绿色,无,无,0,,,,,,,,,,,,,,,,,,,,
2025-05-17 16:37:30,0.3249308176652301,0,安全,绿色,无,无,0,,,,,,,,,,,,,,,,,,,,
2025-05-17 16:38:00,0.4344317407525998,0,安全,绿色,无,无,0,,,,,,,,,,,,,,,,,,,,
2025-05-17 16:38:30,0.3115169042605679,0,安全,绿色,无,无,0,,,,,,,,,,,,,,,,,,,,
2025-05-17 16:39:00,0.351897763743423,0,安全,绿色,无,无,0,,,,,,,,,,,,,,,,,,,,
2025-05-17 16:39:30,0.305449518033762,0,安全,绿色,无,无,0,,,,,,,,,,,,,,,,,,,,
2025-05-17 16:40:00,0.3647421614284348,0,安全,绿色,无,无,0,,,,,,,,,,,,,,,,,,,,
2025-05-17 16:40:30,0.3336907914456872,0,安全,绿色,无,无,0,,,,,,,,,,,,,,,,,,,,
2025-05-17 16:41:00,0.3487255832856887,0,安全,绿色,无,无,0,,,,,,,,,,,,,,,,,,,,
2025-05-17 16:41:30,0.3202872367973424,0,安全,绿色,无,无,0,,,,,,,,,,,,,,,,,,,,
2025-05-17 16:42:00,0.2704992053052245,0,安全,绿色,无,无,0,,,,,,,,,,,,,,,,,,,,
2025-05-17 16:42:30,0.3171358636781317,0,安全,绿色,无,无,0,,,,,,,,,,,,,,,,,,,,
2025-05-17 16:43:00,0.2675415483872917,0,安全,绿色,无,无,0,,,,,,,,,,,,,,,,,,,,
2025-05-17 16:43:30,0.3472118918913746,0,安全,绿色,无,无,0,,,,,,,,,,,,,,,,,,,,
2025-05-17 16:44:00,0.982582076960274,1,警告,黄色,轧制区,轧制区_力传感器_轧制力,1,轧制区_力传感器_轧制力,轧制力异常,轧制力偏离预期值，可能设备或工艺异常,轧制力和轧制速度变化会影响成品厚度/宽度，进而影响热处理参数,检查轧机状态，调整轧制参数,,,,,,,,,,,,,,,
2025-05-17 16:44:30,0.386651915936481,0,安全,绿色,无,无,0,,,,,,,,,,,,,,,,,,,,
2025-05-17 16:45:00,0.2975521931504148,0,安全,绿色,无,无,0,,,,,,,,,,,,,,,,,,,,
2025-05-17 16:45:30,0.2806282584900123,0,安全,绿色,无,无,0,,,,,,,,,,,,,,,,,,,,
2025-05-17 16:46:00,0.2491837182104296,0,安全,绿色,无,无,0,,,,,,,,,,,,,,,,,,,,
2025-05-17 16:46:30,0.2732638724963232,0,安全,绿色,无,无,0,,,,,,,,,,,,,,,,,,,,
2025-05-17 16:47:00,0.2903018089947385,0,安全,绿色,无,无,0,,,,,,,,,,,,,,,,,,,,
2025-05-17 16:47:30,0.263267714686127,0,安全,绿色,无,无,0,,,,,,,,,,,,,,,,,,,,
2025-05-17 16:48:00,0.319909631638379,0,安全,绿色,无,无,0,,,,,,,,,,,,,,,,,,,,
2025-05-17 16:48:30,0.2530138722031605,0,安全,绿色,无,无,0,,,,,,,,,,,,,,,,,,,,
2025-05-17 16:49:00,0.2867597844239976,0,安全,绿色,无,无,0,,,,,,,,,,,,,,,,,,,,
2025-05-17 16:49:30,0.2985636243091499,0,安全,绿色,无,无,0,,,,,,,,,,,,,,,,,,,,
2025-05-17 16:50:00,0.2675415483872917,0,安全,绿色,无,无,0,,,,,,,,,,,,,,,,,,,,
2025-05-17 16:50:30,0.3628416876794363,0,安全,绿色,无,无,0,,,,,,,,,,,,,,,,,,,,
2025-05-17 16:51:00,0.2662225501406693,0,安全,绿色,无,无,0,,,,,,,,,,,,,,,,,,,,
2025-05-17 16:51:30,0.3650309978926822,0,安全,绿色,无,无,0,,,,,,,,,,,,,,,,,,,,
2025-05-17 16:52:00,0.2417953604163481,0,安全,绿色,无,无,0,,,,,,,,,,,,,,,,,,,,
2025-05-17 16:52:30,0.2791735534314949,0,安全,绿色,无,无,0,,,,,,,,,,,,,,,,,,,,
2025-05-17 16:53:00,0.2593688274090113,0,安全,绿色,无,无,0,,,,,,,,,,,,,,,,,,,,
2025-05-17 16:53:30,0.2445899196474264,0,安全,绿色,无,无,0,,,,,,,,,,,,,,,,,,,,
2025-05-17 16:54:00,0.3226390037932186,0,安全,绿色,无,无,0,,,,,,,,,,,,,,,,,,,,
2025-05-17 16:54:30,0.2890015984330761,0,安全,绿色,无,无,0,,,,,,,,,,,,,,,,,,,,
2025-05-17 16:55:00,0.2784911713712814,0,安全,绿色,无,无,0,,,,,,,,,,,,,,,,,,,,
2025-05-17 16:55:30,0.2456839900531912,0,安全,绿色,无,无,0,,,,,,,,,,,,,,,,,,,,
2025-05-17 16:56:00,0.3389437143855831,0,安全,绿色,无,无,0,,,,,,,,,,,,,,,,,,,,
2025-05-17 16:56:30,0.3154437055079246,0,安全,绿色,无,无,0,,,,,,,,,,,,,,,,,,,,
2025-05-17 16:57:00,0.304660992509799,0,安全,绿色,无,无,0,,,,,,,,,,,,,,,,,,,,
2025-05-17 16:57:30,0.32773459906804,0,安全,绿色,无,无,0,,,,,,,,,,,,,,,,,,,,
2025-05-17 16:58:00,0.3478173562450947,0,安全,绿色,无,无,0,,,,,,,,,,,,,,,,,,,,
2025-05-17 16:58:30,0.2619304173937943,0,安全,绿色,无,无,0,,,,,,,,,,,,,,,,,,,,
2025-05-17 16:59:00,0.2972190905993249,0,安全,绿色,无,无,0,,,,,,,,,,,,,,,,,,,,
2025-05-17 16:59:30,0.2550468191989155,0,安全,绿色,无,无,0,,,,,,,,,,,,,,,,,,,,
2025-05-17 17:00:00,0.2715773013783312,0,安全,绿色,无,无,0,,,,,,,,,,,,,,,,,,,,
2025-05-17 17:00:30,0.2605312186381416,0,安全,绿色,无,无,0,,,,,,,,,,,,,,,,,,,,
2025-05-17 17:01:00,0.3731652594239014,0,安全,绿色,无,无,0,,,,,,,,,,,,,,,,,,,,
2025-05-17 17:01:30,0.282843754037242,0,安全,绿色,无,无,0,,,,,,,,,,,,,,,,,,,,
2025-05-17 17:02:00,0.284346137282984,0,安全,绿色,无,无,0,,,,,,,,,,,,,,,,,,,,
2025-05-17 17:02:30,0.2619304173937876,0,安全,绿色,无,无,0,,,,,,,,,,,,,,,,,,,,
2025-05-17 17:03:00,0.3836249027034357,0,安全,绿色,无,无,0,,,,,,,,,,,,,,,,,,,,
2025-05-17 17:03:30,1.070782094832428,1,警告,黄色,轧制区,轧制区_力传感器_轧制力,1,轧制区_力传感器_轧制力,轧制力异常,轧制力偏离预期值，可能设备或工艺异常,轧制力和轧制速度变化会影响成品厚度/宽度，进而影响热处理参数,检查轧机状态，调整轧制参数,,,,,,,,,,,,,,,
2025-05-17 17:04:00,0.397823144944566,0,安全,绿色,无,无,0,,,,,,,,,,,,,,,,,,,,
2025-05-17 17:04:30,0.4167587331273611,0,安全,绿色,无,无,0,,,,,,,,,,,,,,,,,,,,
2025-05-17 17:05:00,0.456767587263774,0,安全,绿色,无,无,0,,,,,,,,,,,,,,,,,,,,
2025-05-17 17:05:30,0.5232869882146067,0,安全,绿色,无,无,0,,,,,,,,,,,,,,,,,,,,
2025-05-17 17:06:00,0.5065261634542156,0,安全,绿色,无,无,0,,,,,,,,,,,,,,,,,,,,
2025-05-17 17:06:30,0.4477745634270597,0,安全,绿色,无,无,0,,,,,,,,,,,,,,,,,,,,
2025-05-17 17:07:00,0.4477745634270597,0,安全,绿色,无,无,0,,,,,,,,,,,,,,,,,,,,
2025-05-17 17:07:30,0.3974616965308696,0,安全,绿色,无,无,0,,,,,,,,,,,,,,,,,,,,
2025-05-17 17:08:00,0.3434855558953762,0,安全,绿色,无,无,0,,,,,,,,,,,,,,,,,,,,
2025-05-17 17:08:30,0.3813893307345944,0,安全,绿色,无,无,0,,,,,,,,,,,,,,,,,,,,
2025-05-17 17:09:00,0.3249586827928579,0,安全,绿色,无,无,0,,,,,,,,,,,,,,,,,,,,
2025-05-17 17:09:30,0.4028874851982318,0,安全,绿色,无,无,0,,,,,,,,,,,,,,,,,,,,
2025-05-17 17:10:00,0.3434855558953762,0,安全,绿色,无,无,0,,,,,,,,,,,,,,,,,,,,
2025-05-17 17:10:30,0.3886375425412637,0,安全,绿色,无,无,0,,,,,,,,,,,,,,,,,,,,
2025-05-17 17:11:00,0.3630419219009898,0,安全,绿色,无,无,0,,,,,,,,,,,,,,,,,,,,
2025-05-17 17:11:30,0.4051286917985141,0,安全,绿色,无,无,0,,,,,,,,,,,,,,,,,,,,
2025-05-17 17:12:00,0.3886375425412637,0,安全,绿色,无,无,0,,,,,,,,,,,,,,,,,,,,
2025-05-17 17:12:30,0.4108821295349111,0,安全,绿色,无,无,0,,,,,,,,,,,,,,,,,,,,
2025-05-17 17:13:00,0.3585164924092622,0,安全,绿色,无,无,0,,,,,,,,,,,,,,,,,,,,
2025-05-17 17:13:30,0.4405394553555209,0,安全,绿色,无,无,0,,,,,,,,,,,,,,,,,,,,
2025-05-17 17:14:00,0.3639818407100029,0,安全,绿色,无,无,0,,,,,,,,,,,,,,,,,,,,
2025-05-17 17:14:30,0.3596397121821457,0,安全,绿色,无,无,0,,,,,,,,,,,,,,,,,,,,
2025-05-17 17:15:00,0.3284394444608681,0,安全,绿色,无,无,0,,,,,,,,,,,,,,,,,,,,
2025-05-17 17:15:30,0.2670190188234276,0,安全,绿色,无,无,0,,,,,,,,,,,,,,,,,,,,
2025-05-17 17:16:00,0.3102239893578857,0,安全,绿色,无,无,0,,,,,,,,,,,,,,,,,,,,
2025-05-17 17:16:30,0.2822484979001101,0,安全,绿色,无,无,0,,,,,,,,,,,,,,,,,,,,
2025-05-17 17:17:00,0.3314425188030183,0,安全,绿色,无,无,0,,,,,,,,,,,,,,,,,,,,
2025-05-17 17:17:30,0.2869432602110733,0,安全,绿色,无,无,0,,,,,,,,,,,,,,,,,,,,
2025-05-17 17:18:00,0.3513845865693455,0,安全,绿色,无,无,0,,,,,,,,,,,,,,,,,,,,
2025-05-17 17:18:30,0.3252503280666261,0,安全,绿色,无,无,0,,,,,,,,,,,,,,,,,,,,
2025-05-17 17:19:00,0.3065987192567682,0,安全,绿色,无,无,0,,,,,,,,,,,,,,,,,,,,
2025-05-17 17:19:30,0.3786636183512721,0,安全,绿色,无,无,0,,,,,,,,,,,,,,,,,,,,
2025-05-17 17:20:00,0.2529432845246729,0,安全,绿色,无,无,0,,,,,,,,,,,,,,,,,,,,
2025-05-17 17:20:30,0.2869432602110733,0,安全,绿色,无,无,0,,,,,,,,,,,,,,,,,,,,
2025-05-17 17:21:00,0.3953567178476687,0,安全,绿色,无,无,0,,,,,,,,,,,,,,,,,,,,
2025-05-17 17:21:30,0.2953078455717647,0,安全,绿色,无,无,0,,,,,,,,,,,,,,,,,,,,
2025-05-17 17:22:00,0.2505390875326341,0,安全,绿色,无,无,0,,,,,,,,,,,,,,,,,,,,
2025-05-17 17:22:30,1.0960081443058591,1,警告,黄色,轧制区,轧制区_力传感器_轧制力,1,轧制区_力传感器_轧制力,轧制力异常,轧制力偏离预期值，可能设备或工艺异常,轧制力和轧制速度变化会影响成品厚度/宽度，进而影响热处理参数,检查轧机状态，调整轧制参数,,,,,,,,,,,,,,,
2025-05-17 17:23:00,0.2665335870528585,0,安全,绿色,无,无,0,,,,,,,,,,,,,,,,,,,,
2025-05-17 17:23:30,0.3767699431880478,0,安全,绿色,无,无,0,,,,,,,,,,,,,,,,,,,,
2025-05-17 17:24:00,0.3611400490999165,0,安全,绿色,无,无,0,,,,,,,,,,,,,,,,,,,,
2025-05-17 17:24:30,0.3578323817364661,0,安全,绿色,无,无,0,,,,,,,,,,,,,,,,,,,,
2025-05-17 17:25:00,0.3128695767397049,0,安全,绿色,无,无,0,,,,,,,,,,,,,,,,,,,,
2025-05-17 17:25:30,0.3719669566448075,0,安全,绿色,无,无,0,,,,,,,,,,,,,,,,,,,,
2025-05-17 17:26:00,0.3231682681334571,0,安全,绿色,无,无,0,,,,,,,,,,,,,,,,,,,,
2025-05-17 17:26:30,0.4240172360829332,0,安全,绿色,无,无,0,,,,,,,,,,,,,,,,,,,,
2025-05-17 17:27:00,0.3456244663707477,0,安全,绿色,无,无,0,,,,,,,,,,,,,,,,,,,,
2025-05-17 17:27:30,0.3089494954526338,0,安全,绿色,无,无,0,,,,,,,,,,,,,,,,,,,,
2025-05-17 17:28:00,0.3917285158608625,0,安全,绿色,无,无,0,,,,,,,,,,,,,,,,,,,,
2025-05-17 17:28:30,0.358502748017541,0,安全,绿色,无,无,0,,,,,,,,,,,,,,,,,,,,
2025-05-17 17:29:00,0.3661014376596577,0,安全,绿色,无,无,0,,,,,,,,,,,,,,,,,,,,
2025-05-17 17:29:30,0.3344146358477888,0,安全,绿色,无,无,0,,,,,,,,,,,,,,,,,,,,
2025-05-17 17:30:00,0.4224108548524237,0,安全,绿色,无,无,0,,,,,,,,,,,,,,,,,,,,
2025-05-17 17:30:30,0.3934795075186439,0,安全,绿色,无,无,0,,,,,,,,,,,,,,,,,,,,
2025-05-17 17:31:00,0.3910888118697799,0,安全,绿色,无,无,0,,,,,,,,,,,,,,,,,,,,
2025-05-17 17:31:30,0.3373470189062407,0,安全,绿色,无,无,0,,,,,,,,,,,,,,,,,,,,
2025-05-17 17:32:00,0.3344146358477888,0,安全,绿色,无,无,0,,,,,,,,,,,,,,,,,,,,
2025-05-17 17:32:30,0.3681685234484343,0,安全,绿色,无,无,0,,,,,,,,,,,,,,,,,,,,
2025-05-17 17:33:00,0.3146480007496031,0,安全,绿色,无,无,0,,,,,,,,,,,,,,,,,,,,
2025-05-17 17:33:30,0.3373470189062407,0,安全,绿色,无,无,0,,,,,,,,,,,,,,,,,,,,
2025-05-17 17:34:00,0.3694381342256085,0,安全,绿色,无,无,0,,,,,,,,,,,,,,,,,,,,
2025-05-17 17:34:30,0.3783312296491941,0,安全,绿色,无,无,0,,,,,,,,,,,,,,,,,,,,
2025-05-17 17:35:00,0.3247297237304075,0,安全,绿色,无,无,0,,,,,,,,,,,,,,,,,,,,
2025-05-17 17:35:30,0.3482120561765625,0,安全,绿色,无,无,0,,,,,,,,,,,,,,,,,,,,
2025-05-17 17:36:00,0.5891167098894043,0,安全,绿色,无,无,0,,,,,,,,,,,,,,,,,,,,
2025-05-17 17:36:30,0.4462707816485338,0,安全,绿色,无,无,0,,,,,,,,,,,,,,,,,,,,
2025-05-17 17:37:00,0.3777783892308844,0,安全,绿色,无,无,0,,,,,,,,,,,,,,,,,,,,
2025-05-17 17:37:30,0.5682468963711721,0,安全,绿色,无,无,0,,,,,,,,,,,,,,,,,,,,
2025-05-17 17:38:00,0.3627531464175266,0,安全,绿色,无,无,0,,,,,,,,,,,,,,,,,,,,
2025-05-17 17:38:30,0.3461343002128179,0,安全,绿色,无,无,0,,,,,,,,,,,,,,,,,,,,
2025-05-17 17:39:00,0.3331500771207896,0,安全,绿色,无,无,0,,,,,,,,,,,,,,,,,,,,
2025-05-17 17:39:30,0.3611064491665464,0,安全,绿色,无,无,0,,,,,,,,,,,,,,,,,,,,
2025-05-17 17:40:00,0.3911010771892417,0,安全,绿色,无,无,0,,,,,,,,,,,,,,,,,,,,
2025-05-17 17:40:30,0.3331500771207896,0,安全,绿色,无,无,0,,,,,,,,,,,,,,,,,,,,
2025-05-17 17:41:00,0.3970467193563378,0,安全,绿色,无,无,0,,,,,,,,,,,,,,,,,,,,
2025-05-17 17:41:30,0.3999751911709883,0,安全,绿色,无,无,0,,,,,,,,,,,,,,,,,,,,
2025-05-17 17:42:00,1.1085158435600195,1,警告,黄色,轧制区,轧制区_力传感器_轧制力,1,轧制区_力传感器_轧制力,轧制力异常,轧制力偏离预期值，可能设备或工艺异常,轧制力和轧制速度变化会影响成品厚度/宽度，进而影响热处理参数,检查轧机状态，调整轧制参数,,,,,,,,,,,,,,,
2025-05-17 17:42:30,0.3948685694367262,0,安全,绿色,无,无,0,,,,,,,,,,,,,,,,,,,,
2025-05-17 17:43:00,0.4213038960962839,0,安全,绿色,无,无,0,,,,,,,,,,,,,,,,,,,,
2025-05-17 17:43:30,0.3623233899190918,0,安全,绿色,无,无,0,,,,,,,,,,,,,,,,,,,,
2025-05-17 17:44:00,0.4533736988327276,0,安全,绿色,无,无,0,,,,,,,,,,,,,,,,,,,,
2025-05-17 17:44:30,0.3320049264319388,0,安全,绿色,无,无,0,,,,,,,,,,,,,,,,,,,,
2025-05-17 17:45:00,0.3756785130741658,0,安全,绿色,无,无,0,,,,,,,,,,,,,,,,,,,,
2025-05-17 17:45:30,0.358627512430049,0,安全,绿色,无,无,0,,,,,,,,,,,,,,,,,,,,
2025-05-17 17:46:00,0.3031040997850774,0,安全,绿色,无,无,0,,,,,,,,,,,,,,,,,,,,
2025-05-17 17:46:30,0.3212154159342563,0,安全,绿色,无,无,0,,,,,,,,,,,,,,,,,,,,
2025-05-17 17:47:00,0.3610312109820619,0,安全,绿色,无,无,0,,,,,,,,,,,,,,,,,,,,
2025-05-17 17:47:30,0.4542253741018819,0,安全,绿色,无,无,0,,,,,,,,,,,,,,,,,,,,
2025-05-17 17:48:00,0.2915427282575974,0,安全,绿色,无,无,0,,,,,,,,,,,,,,,,,,,,
2025-05-17 17:48:30,0.3561952115653424,0,安全,绿色,无,无,0,,,,,,,,,,,,,,,,,,,,
2025-05-17 17:49:00,0.3201013270330339,0,安全,绿色,无,无,0,,,,,,,,,,,,,,,,,,,,
2025-05-17 17:49:30,0.325202928949606,0,安全,绿色,无,无,0,,,,,,,,,,,,,,,,,,,,
2025-05-17 17:50:00,0.3568742278427398,0,安全,绿色,无,无,0,,,,,,,,,,,,,,,,,,,,
2025-05-17 17:50:30,0.3538780597253755,0,安全,绿色,无,无,0,,,,,,,,,,,,,,,,,,,,
2025-05-17 17:51:00,0.3293539932651195,0,安全,绿色,无,无,0,,,,,,,,,,,,,,,,,,,,
2025-05-17 17:51:30,0.2909378228679254,0,安全,绿色,无,无,0,,,,,,,,,,,,,,,,,,,,
2025-05-17 17:52:00,0.3037614000496472,0,安全,绿色,无,无,0,,,,,,,,,,,,,,,,,,,,
2025-05-17 17:52:30,0.3262671751641796,0,安全,绿色,无,无,0,,,,,,,,,,,,,,,,,,,,
2025-05-17 17:53:00,0.3241355881326491,0,安全,绿色,无,无,0,,,,,,,,,,,,,,,,,,,,
2025-05-17 17:53:30,0.2768783367867942,0,安全,绿色,无,无,0,,,,,,,,,,,,,,,,,,,,
2025-05-17 17:54:00,0.3080005433370996,0,安全,绿色,无,无,0,,,,,,,,,,,,,,,,,,,,
2025-05-17 17:54:30,0.2697681140338457,0,安全,绿色,无,无,0,,,,,,,,,,,,,,,,,,,,
2025-05-17 17:55:00,0.3466852503453233,0,安全,绿色,无,无,0,,,,,,,,,,,,,,,,,,,,
2025-05-17 17:55:30,0.3461625345234688,0,安全,绿色,无,无,0,,,,,,,,,,,,,,,,,,,,
2025-05-17 17:56:00,0.3461625345234688,0,安全,绿色,无,无,0,,,,,,,,,,,,,,,,,,,,
2025-05-17 17:56:30,0.2818787841142491,0,安全,绿色,无,无,0,,,,,,,,,,,,,,,,,,,,
2025-05-17 17:57:00,0.3133608280703768,0,安全,绿色,无,无,0,,,,,,,,,,,,,,,,,,,,
2025-05-17 17:57:30,0.2476982383685882,0,安全,绿色,无,无,0,,,,,,,,,,,,,,,,,,,,
2025-05-17 17:58:00,0.3700461545327924,0,安全,绿色,无,无,0,,,,,,,,,,,,,,,,,,,,
2025-05-17 17:58:30,0.3643714208793506,0,安全,绿色,无,无,0,,,,,,,,,,,,,,,,,,,,
2025-05-17 17:59:00,0.3201838064596189,0,安全,绿色,无,无,0,,,,,,,,,,,,,,,,,,,,
2025-05-17 17:59:30,0.2912079336162949,0,安全,绿色,无,无,0,,,,,,,,,,,,,,,,,,,,
2025-05-17 18:00:00,1.0234588628241028,1,警告,黄色,轧制区,轧制区_温度传感器_坯料温度,1,轧制区_温度传感器_坯料温度,坯料温度异常,轧制前坯料温度偏离工艺要求,影响轧制力分配和产品性能,调整加热炉操作或轧制节拍,,,,,,,,,,,,,,,
2025-05-17 18:00:30,0.3261956341950371,0,安全,绿色,无,无,0,,,,,,,,,,,,,,,,,,,,
2025-05-17 18:01:00,0.3989845319810686,0,安全,绿色,无,无,0,,,,,,,,,,,,,,,,,,,,
2025-05-17 18:01:30,0.2897507854571702,0,安全,绿色,无,无,0,,,,,,,,,,,,,,,,,,,,
2025-05-17 18:02:00,0.3299271146000851,0,安全,绿色,无,无,0,,,,,,,,,,,,,,,,,,,,
2025-05-17 18:02:30,0.4735656366879915,0,安全,绿色,无,无,0,,,,,,,,,,,,,,,,,,,,
2025-05-17 18:03:00,0.3452554278538189,0,安全,绿色,无,无,0,,,,,,,,,,,,,,,,,,,,
2025-05-17 18:03:30,0.2866031077291038,0,安全,绿色,无,无,0,,,,,,,,,,,,,,,,,,,,
2025-05-17 18:04:00,0.3295774894531569,0,安全,绿色,无,无,0,,,,,,,,,,,,,,,,,,,,
2025-05-17 18:04:30,0.2495632391815755,0,安全,绿色,无,无,0,,,,,,,,,,,,,,,,,,,,
2025-05-17 18:05:00,0.3029754209937438,0,安全,绿色,无,无,0,,,,,,,,,,,,,,,,,,,,
2025-05-17 18:05:30,0.3315492856096789,0,安全,绿色,无,无,0,,,,,,,,,,,,,,,,,,,,
2025-05-17 18:06:00,0.3295774894531569,0,安全,绿色,无,无,0,,,,,,,,,,,,,,,,,,,,
2025-05-17 18:06:30,0.3736748936474923,0,安全,绿色,无,无,0,,,,,,,,,,,,,,,,,,,,
2025-05-17 18:07:00,0.4318834007645553,0,安全,绿色,无,无,0,,,,,,,,,,,,,,,,,,,,
2025-05-17 18:07:30,0.4839748182077651,0,安全,绿色,无,无,0,,,,,,,,,,,,,,,,,,,,
2025-05-17 18:08:00,0.3602618520991782,0,安全,绿色,无,无,0,,,,,,,,,,,,,,,,,,,,
2025-05-17 18:08:30,0.3757496348122983,0,安全,绿色,无,无,0,,,,,,,,,,,,,,,,,,,,
2025-05-17 18:09:00,0.3714613649937845,0,安全,绿色,无,无,0,,,,,,,,,,,,,,,,,,,,
2025-05-17 18:09:30,0.3757496348122983,0,安全,绿色,无,无,0,,,,,,,,,,,,,,,,,,,,
2025-05-17 18:10:00,0.3712752734142713,0,安全,绿色,无,无,0,,,,,,,,,,,,,,,,,,,,
2025-05-17 18:10:30,0.3905040384460143,0,安全,绿色,无,无,0,,,,,,,,,,,,,,,,,,,,
2025-05-17 18:11:00,0.5346309016526944,0,安全,绿色,无,无,0,,,,,,,,,,,,,,,,,,,,
2025-05-17 18:11:30,0.5777607841254095,0,安全,绿色,无,无,0,,,,,,,,,,,,,,,,,,,,
2025-05-17 18:12:00,0.4310830714227824,0,安全,绿色,无,无,0,,,,,,,,,,,,,,,,,,,,
2025-05-17 18:12:30,0.4409306890518032,0,安全,绿色,无,无,0,,,,,,,,,,,,,,,,,,,,
2025-05-17 18:13:00,0.4053214605153001,0,安全,绿色,无,无,0,,,,,,,,,,,,,,,,,,,,
2025-05-17 18:13:30,0.4300602043010519,0,安全,绿色,无,无,0,,,,,,,,,,,,,,,,,,,,
2025-05-17 18:14:00,0.3823674148818253,0,安全,绿色,无,无,0,,,,,,,,,,,,,,,,,,,,
2025-05-17 18:14:30,0.3382437452654263,0,安全,绿色,无,无,0,,,,,,,,,,,,,,,,,,,,
2025-05-17 18:15:00,0.3856277892165005,0,安全,绿色,无,无,0,,,,,,,,,,,,,,,,,,,,
2025-05-17 18:15:30,0.5599202510833692,0,安全,绿色,无,无,0,,,,,,,,,,,,,,,,,,,,
2025-05-17 18:16:00,0.405843280345749,0,安全,绿色,无,无,0,,,,,,,,,,,,,,,,,,,,
2025-05-17 18:16:30,0.5273150617865019,0,安全,绿色,无,无,0,,,,,,,,,,,,,,,,,,,,
2025-05-17 18:17:00,0.4490829616666822,0,安全,绿色,无,无,0,,,,,,,,,,,,,,,,,,,,
2025-05-17 18:17:30,0.478550676786392,0,安全,绿色,无,无,0,,,,,,,,,,,,,,,,,,,,
2025-05-17 18:18:00,0.4253182449800658,0,安全,绿色,无,无,0,,,,,,,,,,,,,,,,,,,,
2025-05-17 18:18:30,0.4018861446344247,0,安全,绿色,无,无,0,,,,,,,,,,,,,,,,,,,,
2025-05-17 18:19:00,0.3824028751162535,0,安全,绿色,无,无,0,,,,,,,,,,,,,,,,,,,,
2025-05-17 18:19:30,0.3731961862375982,0,安全,绿色,无,无,0,,,,,,,,,,,,,,,,,,,,
2025-05-17 18:20:00,0.37473787941663,0,安全,绿色,无,无,0,,,,,,,,,,,,,,,,,,,,
2025-05-17 18:20:30,0.3238149317093466,0,安全,绿色,无,无,0,,,,,,,,,,,,,,,,,,,,
2025-05-17 18:21:00,0.2944539310120169,0,安全,绿色,无,无,0,,,,,,,,,,,,,,,,,,,,
2025-05-17 18:21:30,0.3073918208175942,0,安全,绿色,无,无,0,,,,,,,,,,,,,,,,,,,,
2025-05-17 18:22:00,0.3464735380978095,0,安全,绿色,无,无,0,,,,,,,,,,,,,,,,,,,,
2025-05-17 18:22:30,0.3975513913301979,0,安全,绿色,无,无,0,,,,,,,,,,,,,,,,,,,,
2025-05-17 18:23:00,0.302210807582791,0,安全,绿色,无,无,0,,,,,,,,,,,,,,,,,,,,
2025-05-17 18:23:30,0.276361143076379,0,安全,绿色,无,无,0,,,,,,,,,,,,,,,,,,,,
2025-05-17 18:24:00,0.2786240443693496,0,安全,绿色,无,无,0,,,,,,,,,,,,,,,,,,,,
2025-05-17 18:24:30,0.2556764635839638,0,安全,绿色,无,无,0,,,,,,,,,,,,,,,,,,,,
2025-05-17 18:25:00,0.450808847890103,0,安全,绿色,无,无,0,,,,,,,,,,,,,,,,,,,,
2025-05-17 18:25:30,0.2757427728672026,0,安全,绿色,无,无,0,,,,,,,,,,,,,,,,,,,,
2025-05-17 18:26:00,0.3418130594662465,0,安全,绿色,无,无,0,,,,,,,,,,,,,,,,,,,,
2025-05-17 18:26:30,0.3825150283888782,0,安全,绿色,无,无,0,,,,,,,,,,,,,,,,,,,,
2025-05-17 18:27:00,1.047966386862342,1,警告,黄色,轧制区,轧制区_力传感器_轧制力,1,轧制区_力传感器_轧制力,轧制力异常,轧制力偏离预期值，可能设备或工艺异常,轧制力和轧制速度变化会影响成品厚度/宽度，进而影响热处理参数,检查轧机状态，调整轧制参数,,,,,,,,,,,,,,,
2025-05-17 18:27:30,0.4602186039257712,0,安全,绿色,无,无,0,,,,,,,,,,,,,,,,,,,,
2025-05-17 18:28:00,0.2996823820632785,0,安全,绿色,无,无,0,,,,,,,,,,,,,,,,,,,,
2025-05-17 18:28:30,0.3111072073753481,0,安全,绿色,无,无,0,,,,,,,,,,,,,,,,,,,,
2025-05-17 18:29:00,0.2589080244938951,0,安全,绿色,无,无,0,,,,,,,,,,,,,,,,,,,,
2025-05-17 18:29:30,0.2996823820632785,0,安全,绿色,无,无,0,,,,,,,,,,,,,,,,,,,,
2025-05-17 18:30:00,0.2925899940882044,0,安全,绿色,无,无,0,,,,,,,,,,,,,,,,,,,,
2025-05-17 18:30:30,0.2651545929962476,0,安全,绿色,无,无,0,,,,,,,,,,,,,,,,,,,,
2025-05-17 18:31:00,0.2734628061891987,0,安全,绿色,无,无,0,,,,,,,,,,,,,,,,,,,,
2025-05-17 18:31:30,0.3045227596607798,0,安全,绿色,无,无,0,,,,,,,,,,,,,,,,,,,,
2025-05-17 18:32:00,0.2925899940882044,0,安全,绿色,无,无,0,,,,,,,,,,,,,,,,,,,,
2025-05-17 18:32:30,0.2814654996695165,0,安全,绿色,无,无,0,,,,,,,,,,,,,,,,,,,,
2025-05-17 18:33:00,0.3314467025534531,0,安全,绿色,无,无,0,,,,,,,,,,,,,,,,,,,,
2025-05-17 18:33:30,0.3522856457527026,0,安全,绿色,无,无,0,,,,,,,,,,,,,,,,,,,,
2025-05-17 18:34:00,0.3348645834263956,0,安全,绿色,无,无,0,,,,,,,,,,,,,,,,,,,,
2025-05-17 18:34:30,0.3014546181837158,0,安全,绿色,无,无,0,,,,,,,,,,,,,,,,,,,,
2025-05-17 18:35:00,0.3014546181837158,0,安全,绿色,无,无,0,,,,,,,,,,,,,,,,,,,,
2025-05-17 18:35:30,0.3522176865936481,0,安全,绿色,无,无,0,,,,,,,,,,,,,,,,,,,,
2025-05-17 18:36:00,0.3642031873513004,0,安全,绿色,无,无,0,,,,,,,,,,,,,,,,,,,,
2025-05-17 18:36:30,0.2780994246766423,0,安全,绿色,无,无,0,,,,,,,,,,,,,,,,,,,,
2025-05-17 18:37:00,0.3066401121541331,0,安全,绿色,无,无,0,,,,,,,,,,,,,,,,,,,,
2025-05-17 18:37:30,0.4624612866181785,0,安全,绿色,无,无,0,,,,,,,,,,,,,,,,,,,,
2025-05-17 18:38:00,0.3713501235529077,0,安全,绿色,无,无,0,,,,,,,,,,,,,,,,,,,,
2025-05-17 18:38:30,0.3356956771724236,0,安全,绿色,无,无,0,,,,,,,,,,,,,,,,,,,,
2025-05-17 18:39:00,0.3827086294960904,0,安全,绿色,无,无,0,,,,,,,,,,,,,,,,,,,,
2025-05-17 18:39:30,0.4144313334630438,0,安全,绿色,无,无,0,,,,,,,,,,,,,,,,,,,,
2025-05-17 18:40:00,0.3900622741532917,0,安全,绿色,无,无,0,,,,,,,,,,,,,,,,,,,,
2025-05-17 18:40:30,0.3576375259459078,0,安全,绿色,无,无,0,,,,,,,,,,,,,,,,,,,,
2025-05-17 18:41:00,0.3354205377813192,0,安全,绿色,无,无,0,,,,,,,,,,,,,,,,,,,,
2025-05-17 18:41:30,0.4149513886493756,0,安全,绿色,无,无,0,,,,,,,,,,,,,,,,,,,,
2025-05-17 18:42:00,0.5275608488923316,0,安全,绿色,无,无,0,,,,,,,,,,,,,,,,,,,,
2025-05-17 18:42:30,0.5611940630150735,0,安全,绿色,无,无,0,,,,,,,,,,,,,,,,,,,,
2025-05-17 18:43:00,0.430388412303029,0,安全,绿色,无,无,0,,,,,,,,,,,,,,,,,,,,
2025-05-17 18:43:30,0.3756540052985433,0,安全,绿色,无,无,0,,,,,,,,,,,,,,,,,,,,
2025-05-17 18:44:00,0.3682440508200194,0,安全,绿色,无,无,0,,,,,,,,,,,,,,,,,,,,
2025-05-17 18:44:30,0.3523748812916753,0,安全,绿色,无,无,0,,,,,,,,,,,,,,,,,,,,
2025-05-17 18:45:00,0.3318174589991998,0,安全,绿色,无,无,0,,,,,,,,,,,,,,,,,,,,
2025-05-17 18:45:30,0.3707340788254633,0,安全,绿色,无,无,0,,,,,,,,,,,,,,,,,,,,
2025-05-17 18:46:00,0.3568793615766938,0,安全,绿色,无,无,0,,,,,,,,,,,,,,,,,,,,
2025-05-17 18:46:30,0.3722126757254129,0,安全,绿色,无,无,0,,,,,,,,,,,,,,,,,,,,
2025-05-17 18:47:00,0.3946217453492207,0,安全,绿色,无,无,0,,,,,,,,,,,,,,,,,,,,
2025-05-17 18:47:30,0.4078800335161007,0,安全,绿色,无,无,0,,,,,,,,,,,,,,,,,,,,
2025-05-17 18:48:00,0.3522153998361883,0,安全,绿色,无,无,0,,,,,,,,,,,,,,,,,,,,
2025-05-17 18:48:30,0.3474897902918562,0,安全,绿色,无,无,0,,,,,,,,,,,,,,,,,,,,
2025-05-17 18:49:00,0.3464717281018769,0,安全,绿色,无,无,0,,,,,,,,,,,,,,,,,,,,
2025-05-17 18:49:30,0.3449246651657207,0,安全,绿色,无,无,0,,,,,,,,,,,,,,,,,,,,
2025-05-17 18:50:00,0.3426600427877903,0,安全,绿色,无,无,0,,,,,,,,,,,,,,,,,,,,
2025-05-17 18:50:30,0.385123541319132,0,安全,绿色,无,无,0,,,,,,,,,,,,,,,,,,,,
2025-05-17 18:51:00,0.3220223314253652,0,安全,绿色,无,无,0,,,,,,,,,,,,,,,,,,,,
2025-05-17 18:51:30,0.3415586084279027,0,安全,绿色,无,无,0,,,,,,,,,,,,,,,,,,,,
2025-05-17 18:52:00,0.3742134810382418,0,安全,绿色,无,无,0,,,,,,,,,,,,,,,,,,,,
2025-05-17 18:52:30,0.3511552627066341,0,安全,绿色,无,无,0,,,,,,,,,,,,,,,,,,,,
2025-05-17 18:53:00,0.8436678553018765,1,警告,黄色,轧制区,轧制区_力传感器_轧制力,1,轧制区_力传感器_轧制力,轧制力异常,轧制力偏离预期值，可能设备或工艺异常,轧制力和轧制速度变化会影响成品厚度/宽度，进而影响热处理参数,检查轧机状态，调整轧制参数,,,,,,,,,,,,,,,
2025-05-17 18:53:30,0.3082252612859531,0,安全,绿色,无,无,0,,,,,,,,,,,,,,,,,,,,
2025-05-17 18:54:00,0.4334784281424456,0,安全,绿色,无,无,0,,,,,,,,,,,,,,,,,,,,
2025-05-17 18:54:30,0.291519987312125,0,安全,绿色,无,无,0,,,,,,,,,,,,,,,,,,,,
2025-05-17 18:55:00,0.2419565992049372,0,安全,绿色,无,无,0,,,,,,,,,,,,,,,,,,,,
2025-05-17 18:55:30,0.2428799976025039,0,安全,绿色,无,无,0,,,,,,,,,,,,,,,,,,,,
2025-05-17 18:56:00,0.2605808048444453,0,安全,绿色,无,无,0,,,,,,,,,,,,,,,,,,,,
2025-05-17 18:56:30,0.3979040151925336,0,安全,绿色,无,无,0,,,,,,,,,,,,,,,,,,,,
2025-05-17 18:57:00,0.2442874134812161,0,安全,绿色,无,无,0,,,,,,,,,,,,,,,,,,,,
2025-05-17 18:57:30,0.2429164396451358,0,安全,绿色,无,无,0,,,,,,,,,,,,,,,,,,,,
2025-05-17 18:58:00,0.3620010564253225,0,安全,绿色,无,无,0,,,,,,,,,,,,,,,,,,,,
2025-05-17 18:58:30,0.2483046538595705,0,安全,绿色,无,无,0,,,,,,,,,,,,,,,,,,,,
2025-05-17 18:59:00,0.2560141661182254,0,安全,绿色,无,无,0,,,,,,,,,,,,,,,,,,,,
2025-05-17 18:59:30,0.3193009651149681,0,安全,绿色,无,无,0,,,,,,,,,,,,,,,,,,,,
2025-05-17 19:00:00,0.2429164396451358,0,安全,绿色,无,无,0,,,,,,,,,,,,,,,,,,,,
2025-05-17 19:00:30,0.2367648570991925,0,安全,绿色,无,无,0,,,,,,,,,,,,,,,,,,,,
2025-05-17 19:01:00,0.2959009794822915,0,安全,绿色,无,无,0,,,,,,,,,,,,,,,,,,,,
2025-05-17 19:01:30,0.3007195901016882,0,安全,绿色,无,无,0,,,,,,,,,,,,,,,,,,,,
2025-05-17 19:02:00,0.280713065383094,0,安全,绿色,无,无,0,,,,,,,,,,,,,,,,,,,,
2025-05-17 19:02:30,0.2803808202969527,0,安全,绿色,无,无,0,,,,,,,,,,,,,,,,,,,,
2025-05-17 19:03:00,0.2669826646252698,0,安全,绿色,无,无,0,,,,,,,,,,,,,,,,,,,,
2025-05-17 19:03:30,0.2390301149566834,0,安全,绿色,无,无,0,,,,,,,,,,,,,,,,,,,,
2025-05-17 19:04:00,0.2610960026197316,0,安全,绿色,无,无,0,,,,,,,,,,,,,,,,,,,,
2025-05-17 19:04:30,0.3084988639564339,0,安全,绿色,无,无,0,,,,,,,,,,,,,,,,,,,,
2025-05-17 19:05:00,0.24963707322344,0,安全,绿色,无,无,0,,,,,,,,,,,,,,,,,,,,
2025-05-17 19:05:30,0.254330951571137,0,安全,绿色,无,无,0,,,,,,,,,,,,,,,,,,,,
2025-05-17 19:06:00,0.2522112660276331,0,安全,绿色,无,无,0,,,,,,,,,,,,,,,,,,,,
2025-05-17 19:06:30,0.3678939751815492,0,安全,绿色,无,无,0,,,,,,,,,,,,,,,,,,,,
2025-05-17 19:07:00,0.2684435797158709,0,安全,绿色,无,无,0,,,,,,,,,,,,,,,,,,,,
2025-05-17 19:07:30,0.2606642724944078,0,安全,绿色,无,无,0,,,,,,,,,,,,,,,,,,,,
2025-05-17 19:08:00,0.2722995016160117,0,安全,绿色,无,无,0,,,,,,,,,,,,,,,,,,,,
2025-05-17 19:08:30,0.2543508055569088,0,安全,绿色,无,无,0,,,,,,,,,,,,,,,,,,,,
2025-05-17 19:09:00,0.3327339739714109,0,安全,绿色,无,无,0,,,,,,,,,,,,,,,,,,,,
2025-05-17 19:09:30,0.2400288362261913,0,安全,绿色,无,无,0,,,,,,,,,,,,,,,,,,,,
2025-05-17 19:10:00,0.2497675758661157,0,安全,绿色,无,无,0,,,,,,,,,,,,,,,,,,,,
2025-05-17 19:10:30,0.2743745206867005,0,安全,绿色,无,无,0,,,,,,,,,,,,,,,,,,,,
2025-05-17 19:11:00,0.2739478455639235,0,安全,绿色,无,无,0,,,,,,,,,,,,,,,,,,,,
2025-05-17 19:11:30,0.4766180172502772,0,安全,绿色,无,无,0,,,,,,,,,,,,,,,,,,,,
2025-05-17 19:12:00,0.2975215865278596,0,安全,绿色,无,无,0,,,,,,,,,,,,,,,,,,,,
2025-05-17 19:12:30,0.27947431075578,0,安全,绿色,无,无,0,,,,,,,,,,,,,,,,,,,,
2025-05-17 19:13:00,0.2824933575002312,0,安全,绿色,无,无,0,,,,,,,,,,,,,,,,,,,,
2025-05-17 19:13:30,0.2824933575002312,0,安全,绿色,无,无,0,,,,,,,,,,,,,,,,,,,,
2025-05-17 19:14:00,0.2592530985971102,0,安全,绿色,无,无,0,,,,,,,,,,,,,,,,,,,,
2025-05-17 19:14:30,0.3057721863200371,0,安全,绿色,无,无,0,,,,,,,,,,,,,,,,,,,,
2025-05-17 19:15:00,0.2959414505574083,0,安全,绿色,无,无,0,,,,,,,,,,,,,,,,,,,,
2025-05-17 19:15:30,0.3775081581616086,0,安全,绿色,无,无,0,,,,,,,,,,,,,,,,,,,,
2025-05-17 19:16:00,0.3622857062343451,0,安全,绿色,无,无,0,,,,,,,,,,,,,,,,,,,,
2025-05-17 19:16:30,0.3057721863200371,0,安全,绿色,无,无,0,,,,,,,,,,,,,,,,,,,,
2025-05-17 19:17:00,0.3218899994253553,0,安全,绿色,无,无,0,,,,,,,,,,,,,,,,,,,,
2025-05-17 19:17:30,0.3110582690657662,0,安全,绿色,无,无,0,,,,,,,,,,,,,,,,,,,,
2025-05-17 19:18:00,0.3766528447324841,0,安全,绿色,无,无,0,,,,,,,,,,,,,,,,,,,,
2025-05-17 19:18:30,1.040835229167978,1,警告,黄色,轧制区,轧制区_力传感器_轧制力,1,轧制区_力传感器_轧制力,轧制力异常,轧制力偏离预期值，可能设备或工艺异常,轧制力和轧制速度变化会影响成品厚度/宽度，进而影响热处理参数,检查轧机状态，调整轧制参数,,,,,,,,,,,,,,,
2025-05-17 19:19:00,0.3640037273473482,0,安全,绿色,无,无,0,,,,,,,,,,,,,,,,,,,,
2025-05-17 19:19:30,0.4494844487961638,0,安全,绿色,无,无,0,,,,,,,,,,,,,,,,,,,,
2025-05-17 19:20:00,0.6592154774567995,0,安全,绿色,无,无,0,,,,,,,,,,,,,,,,,,,,
2025-05-17 19:20:30,0.5611650078127253,0,安全,绿色,无,无,0,,,,,,,,,,,,,,,,,,,,
2025-05-17 19:21:00,0.3699877452600872,0,安全,绿色,无,无,0,,,,,,,,,,,,,,,,,,,,
2025-05-17 19:21:30,0.3612781772110935,0,安全,绿色,无,无,0,,,,,,,,,,,,,,,,,,,,
2025-05-17 19:22:00,0.3724881029881775,0,安全,绿色,无,无,0,,,,,,,,,,,,,,,,,,,,
2025-05-17 19:22:30,0.3551543638426706,0,安全,绿色,无,无,0,,,,,,,,,,,,,,,,,,,,
2025-05-17 19:23:00,0.342462322813194,0,安全,绿色,无,无,0,,,,,,,,,,,,,,,,,,,,
2025-05-17 19:23:30,0.3244377238849275,0,安全,绿色,无,无,0,,,,,,,,,,,,,,,,,,,,
2025-05-17 19:24:00,0.335686818451459,0,安全,绿色,无,无,0,,,,,,,,,,,,,,,,,,,,
2025-05-17 19:24:30,0.3450254202027506,0,安全,绿色,无,无,0,,,,,,,,,,,,,,,,,,,,
2025-05-17 19:25:00,0.352240780897917,0,安全,绿色,无,无,0,,,,,,,,,,,,,,,,,,,,
2025-05-17 19:25:30,0.335686818451459,0,安全,绿色,无,无,0,,,,,,,,,,,,,,,,,,,,
2025-05-17 19:26:00,0.3446844627628573,0,安全,绿色,无,无,0,,,,,,,,,,,,,,,,,,,,
2025-05-17 19:26:30,0.3286320942665469,0,安全,绿色,无,无,0,,,,,,,,,,,,,,,,,,,,
2025-05-17 19:27:00,0.2881044392392238,0,安全,绿色,无,无,0,,,,,,,,,,,,,,,,,,,,
2025-05-17 19:27:30,0.386086857602432,0,安全,绿色,无,无,0,,,,,,,,,,,,,,,,,,,,
2025-05-17 19:28:00,0.2894802129114829,0,安全,绿色,无,无,0,,,,,,,,,,,,,,,,,,,,
2025-05-17 19:28:30,0.2894802129114829,0,安全,绿色,无,无,0,,,,,,,,,,,,,,,,,,,,
2025-05-17 19:29:00,0.2878818269123541,0,安全,绿色,无,无,0,,,,,,,,,,,,,,,,,,,,
2025-05-17 19:29:30,0.2777324703058899,0,安全,绿色,无,无,0,,,,,,,,,,,,,,,,,,,,
2025-05-17 19:30:00,0.2913519646206453,0,安全,绿色,无,无,0,,,,,,,,,,,,,,,,,,,,
2025-05-17 19:30:30,0.3002717928458245,0,安全,绿色,无,无,0,,,,,,,,,,,,,,,,,,,,
2025-05-17 19:31:00,0.3220259668288912,0,安全,绿色,无,无,0,,,,,,,,,,,,,,,,,,,,
2025-05-17 19:31:30,0.2495468741728364,0,安全,绿色,无,无,0,,,,,,,,,,,,,,,,,,,,
2025-05-17 19:32:00,0.2486526407617732,0,安全,绿色,无,无,0,,,,,,,,,,,,,,,,,,,,
2025-05-17 19:32:30,0.2378556224203375,0,安全,绿色,无,无,0,,,,,,,,,,,,,,,,,,,,
2025-05-17 19:33:00,0.374725124268118,0,安全,绿色,无,无,0,,,,,,,,,,,,,,,,,,,,
2025-05-17 19:33:30,0.274537901392326,0,安全,绿色,无,无,0,,,,,,,,,,,,,,,,,,,,
2025-05-17 19:34:00,0.2413995629634789,0,安全,绿色,无,无,0,,,,,,,,,,,,,,,,,,,,
2025-05-17 19:34:30,0.264244337400552,0,安全,绿色,无,无,0,,,,,,,,,,,,,,,,,,,,
2025-05-17 19:35:00,0.2917099760019625,0,安全,绿色,无,无,0,,,,,,,,,,,,,,,,,,,,
2025-05-17 19:35:30,0.2726423184799103,0,安全,绿色,无,无,0,,,,,,,,,,,,,,,,,,,,
2025-05-17 19:36:00,0.2625379140372572,0,安全,绿色,无,无,0,,,,,,,,,,,,,,,,,,,,
2025-05-17 19:36:30,0.2452021234551255,0,安全,绿色,无,无,0,,,,,,,,,,,,,,,,,,,,
2025-05-17 19:37:00,0.2625379140372572,0,安全,绿色,无,无,0,,,,,,,,,,,,,,,,,,,,
2025-05-17 19:37:30,0.2874589516835698,0,安全,绿色,无,无,0,,,,,,,,,,,,,,,,,,,,
2025-05-17 19:38:00,0.2821944301794906,0,安全,绿色,无,无,0,,,,,,,,,,,,,,,,,,,,
2025-05-17 19:38:30,0.2849954125986424,0,安全,绿色,无,无,0,,,,,,,,,,,,,,,,,,,,
2025-05-17 19:39:00,0.2730053735581773,0,安全,绿色,无,无,0,,,,,,,,,,,,,,,,,,,,
2025-05-17 19:39:30,0.3364730324406899,0,安全,绿色,无,无,0,,,,,,,,,,,,,,,,,,,,
2025-05-17 19:40:00,0.3039122083779842,0,安全,绿色,无,无,0,,,,,,,,,,,,,,,,,,,,
2025-05-17 19:40:30,0.3302384951159703,0,安全,绿色,无,无,0,,,,,,,,,,,,,,,,,,,,
2025-05-17 19:41:00,0.2969625096703844,0,安全,绿色,无,无,0,,,,,,,,,,,,,,,,,,,,
2025-05-17 19:41:30,0.3123902158582955,0,安全,绿色,无,无,0,,,,,,,,,,,,,,,,,,,,
2025-05-17 19:42:00,0.3104519450365323,0,安全,绿色,无,无,0,,,,,,,,,,,,,,,,,,,,
2025-05-17 19:42:30,0.3138764742313527,0,安全,绿色,无,无,0,,,,,,,,,,,,,,,,,,,,
2025-05-17 19:43:00,0.3351864474103717,0,安全,绿色,无,无,0,,,,,,,,,,,,,,,,,,,,
2025-05-17 19:43:30,0.3413487482406857,0,安全,绿色,无,无,0,,,,,,,,,,,,,,,,,,,,
2025-05-17 19:44:00,0.3866985478648515,0,安全,绿色,无,无,0,,,,,,,,,,,,,,,,,,,,
2025-05-17 19:44:30,0.8185069359129832,1,警告,黄色,轧制区,轧制区_力传感器_轧制力,1,轧制区_力传感器_轧制力,轧制力异常,轧制力偏离预期值，可能设备或工艺异常,轧制力和轧制速度变化会影响成品厚度/宽度，进而影响热处理参数,检查轧机状态，调整轧制参数,,,,,,,,,,,,,,,
2025-05-17 19:45:00,0.4133798089448733,0,安全,绿色,无,无,0,,,,,,,,,,,,,,,,,,,,
2025-05-17 19:45:30,0.2832611889273986,0,安全,绿色,无,无,0,,,,,,,,,,,,,,,,,,,,
2025-05-17 19:46:00,0.3247612524627015,0,安全,绿色,无,无,0,,,,,,,,,,,,,,,,,,,,
2025-05-17 19:46:30,0.3062079445520052,0,安全,绿色,无,无,0,,,,,,,,,,,,,,,,,,,,
2025-05-17 19:47:00,0.3694205252448292,0,安全,绿色,无,无,0,,,,,,,,,,,,,,,,,,,,
2025-05-17 19:47:30,0.3437626737921023,0,安全,绿色,无,无,0,,,,,,,,,,,,,,,,,,,,
2025-05-17 19:48:00,0.3364730324406899,0,安全,绿色,无,无,0,,,,,,,,,,,,,,,,,,,,
2025-05-17 19:48:30,0.3146964514856425,0,安全,绿色,无,无,0,,,,,,,,,,,,,,,,,,,,
2025-05-17 19:49:00,0.3386042851904484,0,安全,绿色,无,无,0,,,,,,,,,,,,,,,,,,,,
2025-05-17 19:49:30,0.2878140053069252,0,安全,绿色,无,无,0,,,,,,,,,,,,,,,,,,,,
2025-05-17 19:50:00,0.3625364203458955,0,安全,绿色,无,无,0,,,,,,,,,,,,,,,,,,,,
2025-05-17 19:50:30,0.3406378453720157,0,安全,绿色,无,无,0,,,,,,,,,,,,,,,,,,,,
2025-05-17 19:51:00,0.3268693591582307,0,安全,绿色,无,无,0,,,,,,,,,,,,,,,,,,,,
2025-05-17 19:51:30,0.3439842667674203,0,安全,绿色,无,无,0,,,,,,,,,,,,,,,,,,,,
2025-05-17 19:52:00,0.3386042851904484,0,安全,绿色,无,无,0,,,,,,,,,,,,,,,,,,,,
2025-05-17 19:52:30,0.3171253965179076,0,安全,绿色,无,无,0,,,,,,,,,,,,,,,,,,,,
2025-05-17 19:53:00,0.3304048690498072,0,安全,绿色,无,无,0,,,,,,,,,,,,,,,,,,,,
2025-05-17 19:53:30,0.2954706095088972,0,安全,绿色,无,无,0,,,,,,,,,,,,,,,,,,,,
2025-05-17 19:54:00,0.3306625187806022,0,安全,绿色,无,无,0,,,,,,,,,,,,,,,,,,,,
2025-05-17 19:54:30,0.3206696875201957,0,安全,绿色,无,无,0,,,,,,,,,,,,,,,,,,,,
2025-05-17 19:55:00,0.3265744220444452,0,安全,绿色,无,无,0,,,,,,,,,,,,,,,,,,,,
2025-05-17 19:55:30,0.2707653741431468,0,安全,绿色,无,无,0,,,,,,,,,,,,,,,,,,,,
2025-05-17 19:56:00,0.3153196097102166,0,安全,绿色,无,无,0,,,,,,,,,,,,,,,,,,,,
2025-05-17 19:56:30,0.3102624197267163,0,安全,绿色,无,无,0,,,,,,,,,,,,,,,,,,,,
2025-05-17 19:57:00,0.31602909433904,0,安全,绿色,无,无,0,,,,,,,,,,,,,,,,,,,,
2025-05-17 19:57:30,0.3259288374784565,0,安全,绿色,无,无,0,,,,,,,,,,,,,,,,,,,,
2025-05-17 19:58:00,0.3207177640890644,0,安全,绿色,无,无,0,,,,,,,,,,,,,,,,,,,,
2025-05-17 19:58:30,0.3091842790553409,0,安全,绿色,无,无,0,,,,,,,,,,,,,,,,,,,,
2025-05-17 19:59:00,0.3473125538343233,0,安全,绿色,无,无,0,,,,,,,,,,,,,,,,,,,,
2025-05-17 19:59:30,0.4484872796523926,0,安全,绿色,无,无,0,,,,,,,,,,,,,,,,,,,,
2025-05-17 20:00:00,0.3312672175837938,0,安全,绿色,无,无,0,,,,,,,,,,,,,,,,,,,,
2025-05-17 20:00:30,0.3089436371950641,0,安全,绿色,无,无,0,,,,,,,,,,,,,,,,,,,,
2025-05-17 20:01:00,0.3558179951911527,0,安全,绿色,无,无,0,,,,,,,,,,,,,,,,,,,,
2025-05-17 20:01:30,0.292773515773259,0,安全,绿色,无,无,0,,,,,,,,,,,,,,,,,,,,
2025-05-17 20:02:00,0.2606025357752319,0,安全,绿色,无,无,0,,,,,,,,,,,,,,,,,,,,
2025-05-17 20:02:30,0.38236492679427,0,安全,绿色,无,无,0,,,,,,,,,,,,,,,,,,,,
2025-05-17 20:03:00,0.3054079178284205,0,安全,绿色,无,无,0,,,,,,,,,,,,,,,,,,,,
2025-05-17 20:03:30,0.2935256594382945,0,安全,绿色,无,无,0,,,,,,,,,,,,,,,,,,,,
2025-05-17 20:04:00,0.3320176234806222,0,安全,绿色,无,无,0,,,,,,,,,,,,,,,,,,,,
2025-05-17 20:04:30,0.3167479311323121,0,安全,绿色,无,无,0,,,,,,,,,,,,,,,,,,,,
2025-05-17 20:05:00,0.2841601256718079,0,安全,绿色,无,无,0,,,,,,,,,,,,,,,,,,,,
2025-05-17 20:05:30,0.3320176234806222,0,安全,绿色,无,无,0,,,,,,,,,,,,,,,,,,,,
2025-05-17 20:06:00,0.5474808028897743,0,安全,绿色,无,无,0,,,,,,,,,,,,,,,,,,,,
2025-05-17 20:06:30,0.4373209184146467,0,安全,绿色,无,无,0,,,,,,,,,,,,,,,,,,,,
2025-05-17 20:07:00,0.3541325953405493,0,安全,绿色,无,无,0,,,,,,,,,,,,,,,,,,,,
2025-05-17 20:07:30,0.3730376438245527,0,安全,绿色,无,无,0,,,,,,,,,,,,,,,,,,,,
2025-05-17 20:08:00,0.3596651275396392,0,安全,绿色,无,无,0,,,,,,,,,,,,,,,,,,,,
2025-05-17 20:08:30,0.4531284602572162,0,安全,绿色,无,无,0,,,,,,,,,,,,,,,,,,,,
2025-05-17 20:09:00,0.3665259372261062,0,安全,绿色,无,无,0,,,,,,,,,,,,,,,,,,,,
2025-05-17 20:09:30,0.3561431235286786,0,安全,绿色,无,无,0,,,,,,,,,,,,,,,,,,,,
2025-05-17 20:10:00,1.003607847045272,1,警告,黄色,轧制区,轧制区_力传感器_轧制力,1,轧制区_力传感器_轧制力,轧制力异常,轧制力偏离预期值，可能设备或工艺异常,轧制力和轧制速度变化会影响成品厚度/宽度，进而影响热处理参数,检查轧机状态，调整轧制参数,,,,,,,,,,,,,,,
2025-05-17 20:10:30,0.3993873234514135,0,安全,绿色,无,无,0,,,,,,,,,,,,,,,,,,,,
2025-05-17 20:11:00,0.319670508497173,0,安全,绿色,无,无,0,,,,,,,,,,,,,,,,,,,,
2025-05-17 20:11:30,0.3801661784321397,0,安全,绿色,无,无,0,,,,,,,,,,,,,,,,,,,,
2025-05-17 20:12:00,0.319670508497173,0,安全,绿色,无,无,0,,,,,,,,,,,,,,,,,,,,
2025-05-17 20:12:30,0.2921335417657543,0,安全,绿色,无,无,0,,,,,,,,,,,,,,,,,,,,
2025-05-17 20:13:00,0.3512709498407228,0,安全,绿色,无,无,0,,,,,,,,,,,,,,,,,,,,
2025-05-17 20:13:30,0.2373922952453058,0,安全,绿色,无,无,0,,,,,,,,,,,,,,,,,,,,
2025-05-17 20:14:00,0.2864310887995865,0,安全,绿色,无,无,0,,,,,,,,,,,,,,,,,,,,
2025-05-17 20:14:30,0.2790285694757838,0,安全,绿色,无,无,0,,,,,,,,,,,,,,,,,,,,
2025-05-17 20:15:00,0.2981334124357185,0,安全,绿色,无,无,0,,,,,,,,,,,,,,,,,,,,
2025-05-17 20:15:30,0.2781797944505415,0,安全,绿色,无,无,0,,,,,,,,,,,,,,,,,,,,
2025-05-17 20:16:00,0.2763756170216967,0,安全,绿色,无,无,0,,,,,,,,,,,,,,,,,,,,
2025-05-17 20:16:30,0.3231002290472495,0,安全,绿色,无,无,0,,,,,,,,,,,,,,,,,,,,
2025-05-17 20:17:00,0.3196573570176967,0,安全,绿色,无,无,0,,,,,,,,,,,,,,,,,,,,
2025-05-17 20:17:30,0.292798668602284,0,安全,绿色,无,无,0,,,,,,,,,,,,,,,,,,,,
2025-05-17 20:18:00,0.2802473990162493,0,安全,绿色,无,无,0,,,,,,,,,,,,,,,,,,,,
2025-05-17 20:18:30,0.3315221734436944,0,安全,绿色,无,无,0,,,,,,,,,,,,,,,,,,,,
2025-05-17 20:19:00,0.2991603254959241,0,安全,绿色,无,无,0,,,,,,,,,,,,,,,,,,,,
2025-05-17 20:19:30,0.3313136092724107,0,安全,绿色,无,无,0,,,,,,,,,,,,,,,,,,,,
2025-05-17 20:20:00,0.2779620425474773,0,安全,绿色,无,无,0,,,,,,,,,,,,,,,,,,,,
2025-05-17 20:20:30,0.3242589687730733,0,安全,绿色,无,无,0,,,,,,,,,,,,,,,,,,,,
2025-05-17 20:21:00,0.3250560534051969,0,安全,绿色,无,无,0,,,,,,,,,,,,,,,,,,,,
2025-05-17 20:21:30,0.2680164431747866,0,安全,绿色,无,无,0,,,,,,,,,,,,,,,,,,,,
2025-05-17 20:22:00,0.3469341191242323,0,安全,绿色,无,无,0,,,,,,,,,,,,,,,,,,,,
2025-05-17 20:22:30,0.2472999874472061,0,安全,绿色,无,无,0,,,,,,,,,,,,,,,,,,,,
2025-05-17 20:23:00,0.3144157878741579,0,安全,绿色,无,无,0,,,,,,,,,,,,,,,,,,,,
2025-05-17 20:23:30,0.2925366794122601,0,安全,绿色,无,无,0,,,,,,,,,,,,,,,,,,,,
2025-05-17 20:24:00,0.2684155358244698,0,安全,绿色,无,无,0,,,,,,,,,,,,,,,,,,,,
2025-05-17 20:24:30,0.2874694281309493,0,安全,绿色,无,无,0,,,,,,,,,,,,,,,,,,,,
2025-05-17 20:25:00,0.3555699609041076,0,安全,绿色,无,无,0,,,,,,,,,,,,,,,,,,,,
2025-05-17 20:25:30,0.2778759624104611,0,安全,绿色,无,无,0,,,,,,,,,,,,,,,,,,,,
2025-05-17 20:26:00,0.2510220190321629,0,安全,绿色,无,无,0,,,,,,,,,,,,,,,,,,,,
2025-05-17 20:26:30,0.2972067868156823,0,安全,绿色,无,无,0,,,,,,,,,,,,,,,,,,,,
2025-05-17 20:27:00,0.291480669087629,0,安全,绿色,无,无,0,,,,,,,,,,,,,,,,,,,,
2025-05-17 20:27:30,0.3041159410536412,0,安全,绿色,无,无,0,,,,,,,,,,,,,,,,,,,,
2025-05-17 20:28:00,0.2832401056077919,0,安全,绿色,无,无,0,,,,,,,,,,,,,,,,,,,,
2025-05-17 20:28:30,0.2961055172721715,0,安全,绿色,无,无,0,,,,,,,,,,,,,,,,,,,,
2025-05-17 20:29:00,0.2782912741981823,0,安全,绿色,无,无,0,,,,,,,,,,,,,,,,,,,,
2025-05-17 20:29:30,0.2822615399759535,0,安全,绿色,无,无,0,,,,,,,,,,,,,,,,,,,,
2025-05-17 20:30:00,0.3899237523841547,0,安全,绿色,无,无,0,,,,,,,,,,,,,,,,,,,,
2025-05-17 20:30:30,0.3104585968425745,0,安全,绿色,无,无,0,,,,,,,,,,,,,,,,,,,,
2025-05-17 20:31:00,0.3027746566374246,0,安全,绿色,无,无,0,,,,,,,,,,,,,,,,,,,,
2025-05-17 20:31:30,0.2792501721298734,0,安全,绿色,无,无,0,,,,,,,,,,,,,,,,,,,,
2025-05-17 20:32:00,0.3307591146325394,0,安全,绿色,无,无,0,,,,,,,,,,,,,,,,,,,,
2025-05-17 20:32:30,0.4215294993390258,0,安全,绿色,无,无,0,,,,,,,,,,,,,,,,,,,,
2025-05-17 20:33:00,0.3194612453633763,0,安全,绿色,无,无,0,,,,,,,,,,,,,,,,,,,,
2025-05-17 20:33:30,0.3266443697974008,0,安全,绿色,无,无,0,,,,,,,,,,,,,,,,,,,,
2025-05-17 20:34:00,0.3027746566374246,0,安全,绿色,无,无,0,,,,,,,,,,,,,,,,,,,,
2025-05-17 20:34:30,0.3431227418576772,0,安全,绿色,无,无,0,,,,,,,,,,,,,,,,,,,,
2025-05-17 20:35:00,0.3124622128798894,0,安全,绿色,无,无,0,,,,,,,,,,,,,,,,,,,,
2025-05-17 20:35:30,0.3414400123959904,0,安全,绿色,无,无,0,,,,,,,,,,,,,,,,,,,,
2025-05-17 20:36:00,0.3715538972196329,0,安全,绿色,无,无,0,,,,,,,,,,,,,,,,,,,,
2025-05-17 20:36:30,0.4094723466743869,0,安全,绿色,无,无,0,,,,,,,,,,,,,,,,,,,,
2025-05-17 20:37:00,0.3715135225410483,0,安全,绿色,无,无,0,,,,,,,,,,,,,,,,,,,,
2025-05-17 20:37:30,0.382742383785657,0,安全,绿色,无,无,0,,,,,,,,,,,,,,,,,,,,
2025-05-17 20:38:00,0.3117704288466038,0,安全,绿色,无,无,0,,,,,,,,,,,,,,,,,,,,
2025-05-17 20:38:30,0.385435481934459,0,安全,绿色,无,无,0,,,,,,,,,,,,,,,,,,,,
2025-05-17 20:39:00,0.3103747020188323,0,安全,绿色,无,无,0,,,,,,,,,,,,,,,,,,,,
2025-05-17 20:39:30,0.3584474228244911,0,安全,绿色,无,无,0,,,,,,,,,,,,,,,,,,,,
2025-05-17 20:40:00,0.3372315127948587,0,安全,绿色,无,无,0,,,,,,,,,,,,,,,,,,,,
2025-05-17 20:40:30,0.3067147782112611,0,安全,绿色,无,无,0,,,,,,,,,,,,,,,,,,,,
2025-05-17 20:41:00,0.3293282330584677,0,安全,绿色,无,无,0,,,,,,,,,,,,,,,,,,,,
2025-05-17 20:41:30,0.2965048137176872,0,安全,绿色,无,无,0,,,,,,,,,,,,,,,,,,,,
2025-05-17 20:42:00,0.3159175793151691,0,安全,绿色,无,无,0,,,,,,,,,,,,,,,,,,,,
2025-05-17 20:42:30,0.2834780407662867,0,安全,绿色,无,无,0,,,,,,,,,,,,,,,,,,,,
2025-05-17 20:43:00,0.3011108882797546,0,安全,绿色,无,无,0,,,,,,,,,,,,,,,,,,,,
2025-05-17 20:43:30,0.3067147782112611,0,安全,绿色,无,无,0,,,,,,,,,,,,,,,,,,,,
2025-05-17 20:44:00,0.3964680741985255,0,安全,绿色,无,无,0,,,,,,,,,,,,,,,,,,,,
2025-05-17 20:44:30,0.2860157332903558,0,安全,绿色,无,无,0,,,,,,,,,,,,,,,,,,,,
2025-05-17 20:45:00,0.3331590499534262,0,安全,绿色,无,无,0,,,,,,,,,,,,,,,,,,,,
2025-05-17 20:45:30,0.3174592940739267,0,安全,绿色,无,无,0,,,,,,,,,,,,,,,,,,,,
2025-05-17 20:46:00,0.2932575454534338,0,安全,绿色,无,无,0,,,,,,,,,,,,,,,,,,,,
2025-05-17 20:46:30,0.2994033452199955,0,安全,绿色,无,无,0,,,,,,,,,,,,,,,,,,,,
2025-05-17 20:47:00,0.2917232725635214,0,安全,绿色,无,无,0,,,,,,,,,,,,,,,,,,,,
2025-05-17 20:47:30,0.3632784358033209,0,安全,绿色,无,无,0,,,,,,,,,,,,,,,,,,,,
2025-05-17 20:48:00,0.3089222892851981,0,安全,绿色,无,无,0,,,,,,,,,,,,,,,,,,,,
2025-05-17 20:48:30,0.2975570528033655,0,安全,绿色,无,无,0,,,,,,,,,,,,,,,,,,,,
2025-05-17 20:49:00,0.2745037199616668,0,安全,绿色,无,无,0,,,,,,,,,,,,,,,,,,,,
2025-05-17 20:49:30,0.3671742331953047,0,安全,绿色,无,无,0,,,,,,,,,,,,,,,,,,,,
2025-05-17 20:50:00,0.7647970143953255,0,安全,绿色,无,无,0,,,,,,,,,,,,,,,,,,,,
2025-05-17 20:50:30,0.4034580121788089,0,安全,绿色,无,无,0,,,,,,,,,,,,,,,,,,,,
2025-05-17 20:51:00,0.3925019116758287,0,安全,绿色,无,无,0,,,,,,,,,,,,,,,,,,,,
2025-05-17 20:51:30,0.3805207764289478,0,安全,绿色,无,无,0,,,,,,,,,,,,,,,,,,,,
2025-05-17 20:52:00,0.3482936029666473,0,安全,绿色,无,无,0,,,,,,,,,,,,,,,,,,,,
2025-05-17 20:52:30,0.3601600535113673,0,安全,绿色,无,无,0,,,,,,,,,,,,,,,,,,,,
2025-05-17 20:53:00,0.3579281576000038,0,安全,绿色,无,无,0,,,,,,,,,,,,,,,,,,,,
2025-05-17 20:53:30,0.3810530832688828,0,安全,绿色,无,无,0,,,,,,,,,,,,,,,,,,,,
2025-05-17 20:54:00,0.3688164430962043,0,安全,绿色,无,无,0,,,,,,,,,,,,,,,,,,,,
2025-05-17 20:54:30,0.3928219870474044,0,安全,绿色,无,无,0,,,,,,,,,,,,,,,,,,,,
2025-05-17 20:55:00,0.4870920382253662,0,安全,绿色,无,无,0,,,,,,,,,,,,,,,,,,,,
2025-05-17 20:55:30,0.4416540640093201,0,安全,绿色,无,无,0,,,,,,,,,,,,,,,,,,,,
2025-05-17 20:56:00,0.3688164430962043,0,安全,绿色,无,无,0,,,,,,,,,,,,,,,,,,,,
2025-05-17 20:56:30,0.3881260160538918,0,安全,绿色,无,无,0,,,,,,,,,,,,,,,,,,,,
2025-05-17 20:57:00,0.3469504445525597,0,安全,绿色,无,无,0,,,,,,,,,,,,,,,,,,,,
2025-05-17 20:57:30,0.339157568967409,0,安全,绿色,无,无,0,,,,,,,,,,,,,,,,,,,,
2025-05-17 20:58:00,0.3186029857791619,0,安全,绿色,无,无,0,,,,,,,,,,,,,,,,,,,,
2025-05-17 20:58:30,0.290217853911964,0,安全,绿色,无,无,0,,,,,,,,,,,,,,,,,,,,
2025-05-17 20:59:00,0.3192294781904486,0,安全,绿色,无,无,0,,,,,,,,,,,,,,,,,,,,
2025-05-17 20:59:30,0.3169517227163319,0,安全,绿色,无,无,0,,,,,,,,,,,,,,,,,,,,
2025-05-17 21:00:00,0.774424328044993,1,警告,黄色,轧制区,轧制区_温度传感器_坯料温度,1,轧制区_温度传感器_坯料温度,坯料温度异常,轧制前坯料温度偏离工艺要求,影响轧制力分配和产品性能,调整加热炉操作或轧制节拍,,,,,,,,,,,,,,,
2025-05-17 21:00:30,0.3003646604567374,0,安全,绿色,无,无,0,,,,,,,,,,,,,,,,,,,,
2025-05-17 21:01:00,0.3226999984942174,0,安全,绿色,无,无,0,,,,,,,,,,,,,,,,,,,,
2025-05-17 21:01:30,0.3001812354400789,0,安全,绿色,无,无,0,,,,,,,,,,,,,,,,,,,,
2025-05-17 21:02:00,0.3246411634497361,0,安全,绿色,无,无,0,,,,,,,,,,,,,,,,,,,,
2025-05-17 21:02:30,0.2944713461634642,0,安全,绿色,无,无,0,,,,,,,,,,,,,,,,,,,,
2025-05-17 21:03:00,0.2979309064250955,0,安全,绿色,无,无,0,,,,,,,,,,,,,,,,,,,,
2025-05-17 21:03:30,0.2838498728582749,0,安全,绿色,无,无,0,,,,,,,,,,,,,,,,,,,,
2025-05-17 21:04:00,0.6993672110756339,0,安全,绿色,无,无,0,,,,,,,,,,,,,,,,,,,,
2025-05-17 21:04:30,0.2815258947468078,0,安全,绿色,无,无,0,,,,,,,,,,,,,,,,,,,,
2025-05-17 21:05:00,0.2578885839407963,0,安全,绿色,无,无,0,,,,,,,,,,,,,,,,,,,,
2025-05-17 21:05:30,0.2135233352957622,0,安全,绿色,无,无,0,,,,,,,,,,,,,,,,,,,,
2025-05-17 21:06:00,0.254969337755665,0,安全,绿色,无,无,0,,,,,,,,,,,,,,,,,,,,
2025-05-17 21:06:30,0.205252730738316,0,安全,绿色,无,无,0,,,,,,,,,,,,,,,,,,,,
2025-05-17 21:07:00,0.2055501855156243,0,安全,绿色,无,无,0,,,,,,,,,,,,,,,,,,,,
2025-05-17 21:07:30,0.2933668928811097,0,安全,绿色,无,无,0,,,,,,,,,,,,,,,,,,,,
2025-05-17 21:08:00,0.2292277243504974,0,安全,绿色,无,无,0,,,,,,,,,,,,,,,,,,,,
2025-05-17 21:08:30,0.2972550853670465,0,安全,绿色,无,无,0,,,,,,,,,,,,,,,,,,,,
2025-05-17 21:09:00,0.2192208135160903,0,安全,绿色,无,无,0,,,,,,,,,,,,,,,,,,,,
2025-05-17 21:09:30,0.2626803075763242,0,安全,绿色,无,无,0,,,,,,,,,,,,,,,,,,,,
2025-05-17 21:10:00,0.4040002390896786,0,安全,绿色,无,无,0,,,,,,,,,,,,,,,,,,,,
2025-05-17 21:10:30,0.2262087945125321,0,安全,绿色,无,无,0,,,,,,,,,,,,,,,,,,,,
2025-05-17 21:11:00,0.2483670110352561,0,安全,绿色,无,无,0,,,,,,,,,,,,,,,,,,,,
2025-05-17 21:11:30,0.2547420025020734,0,安全,绿色,无,无,0,,,,,,,,,,,,,,,,,,,,
2025-05-17 21:12:00,0.2965355054063586,0,安全,绿色,无,无,0,,,,,,,,,,,,,,,,,,,,
2025-05-17 21:12:30,0.2620949979237537,0,安全,绿色,无,无,0,,,,,,,,,,,,,,,,,,,,
2025-05-17 21:13:00,0.2926150903750908,0,安全,绿色,无,无,0,,,,,,,,,,,,,,,,,,,,
2025-05-17 21:13:30,0.2795340361799722,0,安全,绿色,无,无,0,,,,,,,,,,,,,,,,,,,,
2025-05-17 21:14:00,0.2802066797048465,0,安全,绿色,无,无,0,,,,,,,,,,,,,,,,,,,,
2025-05-17 21:14:30,0.3108730461718321,0,安全,绿色,无,无,0,,,,,,,,,,,,,,,,,,,,
2025-05-17 21:15:00,0.2187214481048368,0,安全,绿色,无,无,0,,,,,,,,,,,,,,,,,,,,
2025-05-17 21:15:30,0.2797585872025291,0,安全,绿色,无,无,0,,,,,,,,,,,,,,,,,,,,
2025-05-17 21:16:00,0.2389064096613422,0,安全,绿色,无,无,0,,,,,,,,,,,,,,,,,,,,
2025-05-17 21:16:30,0.2359103757054421,0,安全,绿色,无,无,0,,,,,,,,,,,,,,,,,,,,
2025-05-17 21:17:00,0.263765714584033,0,安全,绿色,无,无,0,,,,,,,,,,,,,,,,,,,,
2025-05-17 21:17:30,0.2878820970119016,0,安全,绿色,无,无,0,,,,,,,,,,,,,,,,,,,,
2025-05-17 21:18:00,0.8068725852994166,1,警告,黄色,轧制区,轧制区_力传感器_轧制力,1,轧制区_力传感器_轧制力,轧制力异常,轧制力偏离预期值，可能设备或工艺异常,轧制力和轧制速度变化会影响成品厚度/宽度，进而影响热处理参数,检查轧机状态，调整轧制参数,,,,,,,,,,,,,,,
2025-05-17 21:18:30,0.226239006565752,0,安全,绿色,无,无,0,,,,,,,,,,,,,,,,,,,,
2025-05-17 21:19:00,0.2917063470015035,0,安全,绿色,无,无,0,,,,,,,,,,,,,,,,,,,,
2025-05-17 21:19:30,0.3189454829977111,0,安全,绿色,无,无,0,,,,,,,,,,,,,,,,,,,,
2025-05-17 21:20:00,0.2621262146152647,0,安全,绿色,无,无,0,,,,,,,,,,,,,,,,,,,,
2025-05-17 21:20:30,0.2696184352262569,0,安全,绿色,无,无,0,,,,,,,,,,,,,,,,,,,,
2025-05-17 21:21:00,0.2106311152779297,0,安全,绿色,无,无,0,,,,,,,,,,,,,,,,,,,,
2025-05-17 21:21:30,0.2383558933319037,0,安全,绿色,无,无,0,,,,,,,,,,,,,,,,,,,,
2025-05-17 21:22:00,0.2530388769052679,0,安全,绿色,无,无,0,,,,,,,,,,,,,,,,,,,,
2025-05-17 21:22:30,0.2584655620793456,0,安全,绿色,无,无,0,,,,,,,,,,,,,,,,,,,,
2025-05-17 21:23:00,0.2867602135033375,0,安全,绿色,无,无,0,,,,,,,,,,,,,,,,,,,,
2025-05-17 21:23:30,0.239463120759184,0,安全,绿色,无,无,0,,,,,,,,,,,,,,,,,,,,
2025-05-17 21:24:00,0.2511805887548861,0,安全,绿色,无,无,0,,,,,,,,,,,,,,,,,,,,
2025-05-17 21:24:30,0.213712545685254,0,安全,绿色,无,无,0,,,,,,,,,,,,,,,,,,,,
2025-05-17 21:25:00,0.3249004841124234,0,安全,绿色,无,无,0,,,,,,,,,,,,,,,,,,,,
2025-05-17 21:25:30,0.2847130773670716,0,安全,绿色,无,无,0,,,,,,,,,,,,,,,,,,,,
2025-05-17 21:26:00,0.2942243618928766,0,安全,绿色,无,无,0,,,,,,,,,,,,,,,,,,,,
2025-05-17 21:26:30,0.2599942503787635,0,安全,绿色,无,无,0,,,,,,,,,,,,,,,,,,,,
2025-05-17 21:27:00,0.2640524497530057,0,安全,绿色,无,无,0,,,,,,,,,,,,,,,,,,,,
2025-05-17 21:27:30,0.241385462524841,0,安全,绿色,无,无,0,,,,,,,,,,,,,,,,,,,,
2025-05-17 21:28:00,0.2934664046774237,0,安全,绿色,无,无,0,,,,,,,,,,,,,,,,,,,,
2025-05-17 21:28:30,0.290198818866669,0,安全,绿色,无,无,0,,,,,,,,,,,,,,,,,,,,
2025-05-17 21:29:00,0.2960867502924471,0,安全,绿色,无,无,0,,,,,,,,,,,,,,,,,,,,
2025-05-17 21:29:30,0.288671502393597,0,安全,绿色,无,无,0,,,,,,,,,,,,,,,,,,,,
2025-05-17 21:30:00,0.2547344726064465,0,安全,绿色,无,无,0,,,,,,,,,,,,,,,,,,,,
2025-05-17 21:30:30,0.2868679464964369,0,安全,绿色,无,无,0,,,,,,,,,,,,,,,,,,,,
2025-05-17 21:31:00,0.3222748527801982,0,安全,绿色,无,无,0,,,,,,,,,,,,,,,,,,,,
2025-05-17 21:31:30,0.3202408750039713,0,安全,绿色,无,无,0,,,,,,,,,,,,,,,,,,,,
2025-05-17 21:32:00,0.8461406161845967,1,警告,黄色,轧制区,轧制区_力传感器_轧制力,1,轧制区_力传感器_轧制力,轧制力异常,轧制力偏离预期值，可能设备或工艺异常,轧制力和轧制速度变化会影响成品厚度/宽度，进而影响热处理参数,检查轧机状态，调整轧制参数,,,,,,,,,,,,,,,
2025-05-17 21:32:30,0.315616018777661,0,安全,绿色,无,无,0,,,,,,,,,,,,,,,,,,,,
2025-05-17 21:33:00,0.362473115485904,0,安全,绿色,无,无,0,,,,,,,,,,,,,,,,,,,,
2025-05-17 21:33:30,0.3173826472364582,0,安全,绿色,无,无,0,,,,,,,,,,,,,,,,,,,,
2025-05-17 21:34:00,0.3149385283795894,0,安全,绿色,无,无,0,,,,,,,,,,,,,,,,,,,,
2025-05-17 21:34:30,0.3178067242884023,0,安全,绿色,无,无,0,,,,,,,,,,,,,,,,,,,,
2025-05-17 21:35:00,0.3657597378765498,0,安全,绿色,无,无,0,,,,,,,,,,,,,,,,,,,,
2025-05-17 21:35:30,0.357363036652035,0,安全,绿色,无,无,0,,,,,,,,,,,,,,,,,,,,
2025-05-17 21:36:00,0.3202408750039713,0,安全,绿色,无,无,0,,,,,,,,,,,,,,,,,,,,
2025-05-17 21:36:30,0.3609630510154581,0,安全,绿色,无,无,0,,,,,,,,,,,,,,,,,,,,
2025-05-17 21:37:00,0.3499466230221364,0,安全,绿色,无,无,0,,,,,,,,,,,,,,,,,,,,
2025-05-17 21:37:30,0.3341909064876733,0,安全,绿色,无,无,0,,,,,,,,,,,,,,,,,,,,
2025-05-17 21:38:00,0.4025982930874584,0,安全,绿色,无,无,0,,,,,,,,,,,,,,,,,,,,
2025-05-17 21:38:30,0.343922962144824,0,安全,绿色,无,无,0,,,,,,,,,,,,,,,,,,,,
2025-05-17 21:39:00,0.343922962144824,0,安全,绿色,无,无,0,,,,,,,,,,,,,,,,,,,,
2025-05-17 21:39:30,0.3496831192813754,0,安全,绿色,无,无,0,,,,,,,,,,,,,,,,,,,,
2025-05-17 21:40:00,0.3609630510154581,0,安全,绿色,无,无,0,,,,,,,,,,,,,,,,,,,,
2025-05-17 21:40:30,0.5035231615840918,0,安全,绿色,无,无,0,,,,,,,,,,,,,,,,,,,,
2025-05-17 21:41:00,0.4734746778301461,0,安全,绿色,无,无,0,,,,,,,,,,,,,,,,,,,,
2025-05-17 21:41:30,0.5185802068975005,0,安全,绿色,无,无,0,,,,,,,,,,,,,,,,,,,,
2025-05-17 21:42:00,0.4440839862974345,0,安全,绿色,无,无,0,,,,,,,,,,,,,,,,,,,,
2025-05-17 21:42:30,0.4288086984219497,0,安全,绿色,无,无,0,,,,,,,,,,,,,,,,,,,,
2025-05-17 21:43:00,0.4861913978750243,0,安全,绿色,无,无,0,,,,,,,,,,,,,,,,,,,,
2025-05-17 21:43:30,0.4009643973485641,0,安全,绿色,无,无,0,,,,,,,,,,,,,,,,,,,,
2025-05-17 21:44:00,0.4383808254235353,0,安全,绿色,无,无,0,,,,,,,,,,,,,,,,,,,,
2025-05-17 21:44:30,0.447383957720818,0,安全,绿色,无,无,0,,,,,,,,,,,,,,,,,,,,
2025-05-17 21:45:00,0.447383957720818,0,安全,绿色,无,无,0,,,,,,,,,,,,,,,,,,,,
2025-05-17 21:45:30,0.3901500104791967,0,安全,绿色,无,无,0,,,,,,,,,,,,,,,,,,,,
2025-05-17 21:46:00,0.8047188587879115,1,警告,黄色,轧制区,轧制区_力传感器_轧制力,1,轧制区_力传感器_轧制力,轧制力异常,轧制力偏离预期值，可能设备或工艺异常,轧制力和轧制速度变化会影响成品厚度/宽度，进而影响热处理参数,检查轧机状态，调整轧制参数,,,,,,,,,,,,,,,
2025-05-17 21:46:30,0.388419218893809,0,安全,绿色,无,无,0,,,,,,,,,,,,,,,,,,,,
2025-05-17 21:47:00,0.3640976701072498,0,安全,绿色,无,无,0,,,,,,,,,,,,,,,,,,,,
2025-05-17 21:47:30,0.3048604568344712,0,安全,绿色,无,无,0,,,,,,,,,,,,,,,,,,,,
2025-05-17 21:48:00,0.4110674737370304,0,安全,绿色,无,无,0,,,,,,,,,,,,,,,,,,,,
2025-05-17 21:48:30,0.3126823649661877,0,安全,绿色,无,无,0,,,,,,,,,,,,,,,,,,,,
2025-05-17 21:49:00,0.3034797083681039,0,安全,绿色,无,无,0,,,,,,,,,,,,,,,,,,,,
2025-05-17 21:49:30,0.423215853617129,0,安全,绿色,无,无,0,,,,,,,,,,,,,,,,,,,,
2025-05-17 21:50:00,0.2930537240995512,0,安全,绿色,无,无,0,,,,,,,,,,,,,,,,,,,,
2025-05-17 21:50:30,0.3048604568344712,0,安全,绿色,无,无,0,,,,,,,,,,,,,,,,,,,,
2025-05-17 21:51:00,0.2784566846674591,0,安全,绿色,无,无,0,,,,,,,,,,,,,,,,,,,,
2025-05-17 21:51:30,0.3550863039676604,0,安全,绿色,无,无,0,,,,,,,,,,,,,,,,,,,,
2025-05-17 21:52:00,0.2912386768684679,0,安全,绿色,无,无,0,,,,,,,,,,,,,,,,,,,,
2025-05-17 21:52:30,0.2610146941008039,0,安全,绿色,无,无,0,,,,,,,,,,,,,,,,,,,,
2025-05-17 21:53:00,0.2789081333823444,0,安全,绿色,无,无,0,,,,,,,,,,,,,,,,,,,,
2025-05-17 21:53:30,0.2455844903746241,0,安全,绿色,无,无,0,,,,,,,,,,,,,,,,,,,,
2025-05-17 21:54:00,0.3233620782544739,0,安全,绿色,无,无,0,,,,,,,,,,,,,,,,,,,,
2025-05-17 21:54:30,0.2920740307688187,0,安全,绿色,无,无,0,,,,,,,,,,,,,,,,,,,,
2025-05-17 21:55:00,0.2610146941008039,0,安全,绿色,无,无,0,,,,,,,,,,,,,,,,,,,,
2025-05-17 21:55:30,0.2789081333823444,0,安全,绿色,无,无,0,,,,,,,,,,,,,,,,,,,,
2025-05-17 21:56:00,0.3131542224803695,0,安全,绿色,无,无,0,,,,,,,,,,,,,,,,,,,,
2025-05-17 21:56:30,0.3007347451897404,0,安全,绿色,无,无,0,,,,,,,,,,,,,,,,,,,,
2025-05-17 21:57:00,0.3339471123594479,0,安全,绿色,无,无,0,,,,,,,,,,,,,,,,,,,,
2025-05-17 21:57:30,0.3234488748690115,0,安全,绿色,无,无,0,,,,,,,,,,,,,,,,,,,,
2025-05-17 21:58:00,0.3647540813627793,0,安全,绿色,无,无,0,,,,,,,,,,,,,,,,,,,,
2025-05-17 21:58:30,0.297081341168442,0,安全,绿色,无,无,0,,,,,,,,,,,,,,,,,,,,
2025-05-17 21:59:00,0.2876755547703816,0,安全,绿色,无,无,0,,,,,,,,,,,,,,,,,,,,
2025-05-17 21:59:30,0.3613344653202605,0,安全,绿色,无,无,0,,,,,,,,,,,,,,,,,,,,
2025-05-17 22:00:00,0.8009572111673111,1,警告,黄色,轧制区,轧制区_力传感器_轧制力,1,轧制区_力传感器_轧制力,轧制力异常,轧制力偏离预期值，可能设备或工艺异常,轧制力和轧制速度变化会影响成品厚度/宽度，进而影响热处理参数,检查轧机状态，调整轧制参数,,,,,,,,,,,,,,,
2025-05-17 22:00:30,0.3152466967199021,0,安全,绿色,无,无,0,,,,,,,,,,,,,,,,,,,,
2025-05-17 22:01:00,0.2876755547703816,0,安全,绿色,无,无,0,,,,,,,,,,,,,,,,,,,,
2025-05-17 22:01:30,0.3068931273420126,0,安全,绿色,无,无,0,,,,,,,,,,,,,,,,,,,,
2025-05-17 22:02:00,0.2981288218528243,0,安全,绿色,无,无,0,,,,,,,,,,,,,,,,,,,,
2025-05-17 22:02:30,0.2781421689967336,0,安全,绿色,无,无,0,,,,,,,,,,,,,,,,,,,,
2025-05-17 22:03:00,0.2833692529119341,0,安全,绿色,无,无,0,,,,,,,,,,,,,,,,,,,,
2025-05-17 22:03:30,0.3339697158477546,0,安全,绿色,无,无,0,,,,,,,,,,,,,,,,,,,,
2025-05-17 22:04:00,0.30794378267422,0,安全,绿色,无,无,0,,,,,,,,,,,,,,,,,,,,
2025-05-17 22:04:30,0.2941183880188406,0,安全,绿色,无,无,0,,,,,,,,,,,,,,,,,,,,
2025-05-17 22:05:00,0.2984740522822602,0,安全,绿色,无,无,0,,,,,,,,,,,,,,,,,,,,
2025-05-17 22:05:30,0.2815310182112395,0,安全,绿色,无,无,0,,,,,,,,,,,,,,,,,,,,
2025-05-17 22:06:00,0.3976270962672981,0,安全,绿色,无,无,0,,,,,,,,,,,,,,,,,,,,
2025-05-17 22:06:30,0.241077224221822,0,安全,绿色,无,无,0,,,,,,,,,,,,,,,,,,,,
2025-05-17 22:07:00,0.3035699087489096,0,安全,绿色,无,无,0,,,,,,,,,,,,,,,,,,,,
2025-05-17 22:07:30,0.2951449270016777,0,安全,绿色,无,无,0,,,,,,,,,,,,,,,,,,,,
2025-05-17 22:08:00,0.3239952248154497,0,安全,绿色,无,无,0,,,,,,,,,,,,,,,,,,,,
2025-05-17 22:08:30,0.3249417616059942,0,安全,绿色,无,无,0,,,,,,,,,,,,,,,,,,,,
2025-05-17 22:09:00,0.3558901847926488,0,安全,绿色,无,无,0,,,,,,,,,,,,,,,,,,,,
2025-05-17 22:09:30,0.2824239198796319,0,安全,绿色,无,无,0,,,,,,,,,,,,,,,,,,,,
2025-05-17 22:10:00,0.3128877883900107,0,安全,绿色,无,无,0,,,,,,,,,,,,,,,,,,,,
2025-05-17 22:10:30,0.2349082649763379,0,安全,绿色,无,无,0,,,,,,,,,,,,,,,,,,,,
2025-05-17 22:11:00,0.2408731720672579,0,安全,绿色,无,无,0,,,,,,,,,,,,,,,,,,,,
2025-05-17 22:11:30,0.2239202399240655,0,安全,绿色,无,无,0,,,,,,,,,,,,,,,,,,,,
2025-05-17 22:12:00,0.2239202399240655,0,安全,绿色,无,无,0,,,,,,,,,,,,,,,,,,,,
2025-05-17 22:12:30,0.2746595624946243,0,安全,绿色,无,无,0,,,,,,,,,,,,,,,,,,,,
2025-05-17 22:13:00,0.3092130886437932,0,安全,绿色,无,无,0,,,,,,,,,,,,,,,,,,,,
2025-05-17 22:13:30,0.2449882038388059,0,安全,绿色,无,无,0,,,,,,,,,,,,,,,,,,,,
2025-05-17 22:14:00,1.03307254809432,1,警告,黄色,轧制区,轧制区_力传感器_轧制力,1,轧制区_力传感器_轧制力,轧制力异常,轧制力偏离预期值，可能设备或工艺异常,轧制力和轧制速度变化会影响成品厚度/宽度，进而影响热处理参数,检查轧机状态，调整轧制参数,,,,,,,,,,,,,,,
2025-05-17 22:14:30,0.2778207120904519,0,安全,绿色,无,无,0,,,,,,,,,,,,,,,,,,,,
2025-05-17 22:15:00,0.2349082649763379,0,安全,绿色,无,无,0,,,,,,,,,,,,,,,,,,,,
2025-05-17 22:15:30,0.223547682719489,0,安全,绿色,无,无,0,,,,,,,,,,,,,,,,,,,,
2025-05-17 22:16:00,0.2659134238473556,0,安全,绿色,无,无,0,,,,,,,,,,,,,,,,,,,,
2025-05-17 22:16:30,0.2636501130107744,0,安全,绿色,无,无,0,,,,,,,,,,,,,,,,,,,,
2025-05-17 22:17:00,0.3252744629002306,0,安全,绿色,无,无,0,,,,,,,,,,,,,,,,,,,,
2025-05-17 22:17:30,0.3246624264178147,0,安全,绿色,无,无,0,,,,,,,,,,,,,,,,,,,,
2025-05-17 22:18:00,0.2964918755557755,0,安全,绿色,无,无,0,,,,,,,,,,,,,,,,,,,,
2025-05-17 22:18:30,0.2656202808963082,0,安全,绿色,无,无,0,,,,,,,,,,,,,,,,,,,,
2025-05-17 22:19:00,0.308604210399464,0,安全,绿色,无,无,0,,,,,,,,,,,,,,,,,,,,
2025-05-17 22:19:30,0.2880311014836351,0,安全,绿色,无,无,0,,,,,,,,,,,,,,,,,,,,
2025-05-17 22:20:00,0.2544913162648833,0,安全,绿色,无,无,0,,,,,,,,,,,,,,,,,,,,
2025-05-17 22:20:30,0.2456708202405135,0,安全,绿色,无,无,0,,,,,,,,,,,,,,,,,,,,
2025-05-17 22:21:00,0.2471952360683769,0,安全,绿色,无,无,0,,,,,,,,,,,,,,,,,,,,
2025-05-17 22:21:30,0.2964918755557755,0,安全,绿色,无,无,0,,,,,,,,,,,,,,,,,,,,
2025-05-17 22:22:00,0.3163194483509066,0,安全,绿色,无,无,0,,,,,,,,,,,,,,,,,,,,
2025-05-17 22:22:30,0.3315858185442222,0,安全,绿色,无,无,0,,,,,,,,,,,,,,,,,,,,
2025-05-17 22:23:00,0.4548234535601178,0,安全,绿色,无,无,0,,,,,,,,,,,,,,,,,,,,
2025-05-17 22:23:30,0.4880039984522047,0,安全,绿色,无,无,0,,,,,,,,,,,,,,,,,,,,
2025-05-17 22:24:00,0.4671735684963944,0,安全,绿色,无,无,0,,,,,,,,,,,,,,,,,,,,
2025-05-17 22:24:30,0.3504664282232152,0,安全,绿色,无,无,0,,,,,,,,,,,,,,,,,,,,
2025-05-17 22:25:00,0.3607917396158342,0,安全,绿色,无,无,0,,,,,,,,,,,,,,,,,,,,
2025-05-17 22:25:30,0.3607917396158342,0,安全,绿色,无,无,0,,,,,,,,,,,,,,,,,,,,
2025-05-17 22:26:00,0.4144127081749992,0,安全,绿色,无,无,0,,,,,,,,,,,,,,,,,,,,
2025-05-17 22:26:30,0.3403909864817725,0,安全,绿色,无,无,0,,,,,,,,,,,,,,,,,,,,
2025-05-17 22:27:00,0.4732392814163902,0,安全,绿色,无,无,0,,,,,,,,,,,,,,,,,,,,
2025-05-17 22:27:30,0.4411060433168948,0,安全,绿色,无,无,0,,,,,,,,,,,,,,,,,,,,
2025-05-17 22:28:00,0.9456046209288936,1,警告,黄色,轧制区,轧制区_力传感器_轧制力,1,轧制区_力传感器_轧制力,轧制力异常,轧制力偏离预期值，可能设备或工艺异常,轧制力和轧制速度变化会影响成品厚度/宽度，进而影响热处理参数,检查轧机状态，调整轧制参数,,,,,,,,,,,,,,,
2025-05-17 22:28:30,0.4528042739684161,0,安全,绿色,无,无,0,,,,,,,,,,,,,,,,,,,,
2025-05-17 22:29:00,0.4178599733437915,0,安全,绿色,无,无,0,,,,,,,,,,,,,,,,,,,,
2025-05-17 22:29:30,0.4941036551969607,0,安全,绿色,无,无,0,,,,,,,,,,,,,,,,,,,,
2025-05-17 22:30:00,0.4369841923255183,0,安全,绿色,无,无,0,,,,,,,,,,,,,,,,,,,,
2025-05-17 22:30:30,0.2964885046587483,0,安全,绿色,无,无,0,,,,,,,,,,,,,,,,,,,,
2025-05-17 22:31:00,0.3157094204964722,0,安全,绿色,无,无,0,,,,,,,,,,,,,,,,,,,,
2025-05-17 22:31:30,0.38108217574,0,安全,绿色,无,无,0,,,,,,,,,,,,,,,,,,,,
2025-05-17 22:32:00,0.305371998059768,0,安全,绿色,无,无,0,,,,,,,,,,,,,,,,,,,,
2025-05-17 22:32:30,0.3338770177018837,0,安全,绿色,无,无,0,,,,,,,,,,,,,,,,,,,,
2025-05-17 22:33:00,0.3592089724788053,0,安全,绿色,无,无,0,,,,,,,,,,,,,,,,,,,,
2025-05-17 22:33:30,0.3112772942290222,0,安全,绿色,无,无,0,,,,,,,,,,,,,,,,,,,,
2025-05-17 22:34:00,0.3322009016756707,0,安全,绿色,无,无,0,,,,,,,,,,,,,,,,,,,,
2025-05-17 22:34:30,0.2957010259143285,0,安全,绿色,无,无,0,,,,,,,,,,,,,,,,,,,,
2025-05-17 22:35:00,0.3351781940420857,0,安全,绿色,无,无,0,,,,,,,,,,,,,,,,,,,,
2025-05-17 22:35:30,0.354993300471671,0,安全,绿色,无,无,0,,,,,,,,,,,,,,,,,,,,
2025-05-17 22:36:00,0.2832174397538491,0,安全,绿色,无,无,0,,,,,,,,,,,,,,,,,,,,
2025-05-17 22:36:30,0.3265624281128582,0,安全,绿色,无,无,0,,,,,,,,,,,,,,,,,,,,
2025-05-17 22:37:00,0.2991468435054383,0,安全,绿色,无,无,0,,,,,,,,,,,,,,,,,,,,
2025-05-17 22:37:30,0.2862470901472748,0,安全,绿色,无,无,0,,,,,,,,,,,,,,,,,,,,
2025-05-17 22:38:00,0.2881802693738405,0,安全,绿色,无,无,0,,,,,,,,,,,,,,,,,,,,
2025-05-17 22:38:30,0.4065820821480654,0,安全,绿色,无,无,0,,,,,,,,,,,,,,,,,,,,
2025-05-17 22:39:00,0.3068548848865386,0,安全,绿色,无,无,0,,,,,,,,,,,,,,,,,,,,
2025-05-17 22:39:30,0.30649642403481,0,安全,绿色,无,无,0,,,,,,,,,,,,,,,,,,,,
2025-05-17 22:40:00,0.2903552637184551,0,安全,绿色,无,无,0,,,,,,,,,,,,,,,,,,,,
2025-05-17 22:40:30,0.4150160509837099,0,安全,绿色,无,无,0,,,,,,,,,,,,,,,,,,,,
2025-05-17 22:41:00,0.3705019965340789,0,安全,绿色,无,无,0,,,,,,,,,,,,,,,,,,,,
2025-05-17 22:41:30,0.2541460268278511,0,安全,绿色,无,无,0,,,,,,,,,,,,,,,,,,,,
2025-05-17 22:42:00,0.8054516279899474,1,警告,黄色,轧制区,轧制区_力传感器_轧制力,1,轧制区_力传感器_轧制力,轧制力异常,轧制力偏离预期值，可能设备或工艺异常,轧制力和轧制速度变化会影响成品厚度/宽度，进而影响热处理参数,检查轧机状态，调整轧制参数,,,,,,,,,,,,,,,
2025-05-17 22:42:30,0.2570267464547998,0,安全,绿色,无,无,0,,,,,,,,,,,,,,,,,,,,
2025-05-17 22:43:00,0.270785438954003,0,安全,绿色,无,无,0,,,,,,,,,,,,,,,,,,,,
2025-05-17 22:43:30,0.2558343328883676,0,安全,绿色,无,无,0,,,,,,,,,,,,,,,,,,,,
2025-05-17 22:44:00,0.2527748763870231,0,安全,绿色,无,无,0,,,,,,,,,,,,,,,,,,,,
2025-05-17 22:44:30,0.2236998614755067,0,安全,绿色,无,无,0,,,,,,,,,,,,,,,,,,,,
2025-05-17 22:45:00,0.2527748763870231,0,安全,绿色,无,无,0,,,,,,,,,,,,,,,,,,,,
2025-05-17 22:45:30,0.2737740772755476,0,安全,绿色,无,无,0,,,,,,,,,,,,,,,,,,,,
2025-05-17 22:46:00,0.3480827403469512,0,安全,绿色,无,无,0,,,,,,,,,,,,,,,,,,,,
2025-05-17 22:46:30,0.2822002065666089,0,安全,绿色,无,无,0,,,,,,,,,,,,,,,,,,,,
2025-05-17 22:47:00,0.2150056515367819,0,安全,绿色,无,无,0,,,,,,,,,,,,,,,,,,,,
2025-05-17 22:47:30,0.3563625406565712,0,安全,绿色,无,无,0,,,,,,,,,,,,,,,,,,,,
2025-05-17 22:48:00,0.2540769307072008,0,安全,绿色,无,无,0,,,,,,,,,,,,,,,,,,,,
2025-05-17 22:48:30,0.2250125497338538,0,安全,绿色,无,无,0,,,,,,,,,,,,,,,,,,,,
2025-05-17 22:49:00,0.2206868618428843,0,安全,绿色,无,无,0,,,,,,,,,,,,,,,,,,,,
2025-05-17 22:49:30,0.3174761124012448,0,安全,绿色,无,无,0,,,,,,,,,,,,,,,,,,,,
2025-05-17 22:50:00,0.2624055241156023,0,安全,绿色,无,无,0,,,,,,,,,,,,,,,,,,,,
2025-05-17 22:50:30,0.2948402307353648,0,安全,绿色,无,无,0,,,,,,,,,,,,,,,,,,,,
2025-05-17 22:51:00,0.3333908858178132,0,安全,绿色,无,无,0,,,,,,,,,,,,,,,,,,,,
2025-05-17 22:51:30,0.3185338629820792,0,安全,绿色,无,无,0,,,,,,,,,,,,,,,,,,,,
2025-05-17 22:52:00,0.3170442780989839,0,安全,绿色,无,无,0,,,,,,,,,,,,,,,,,,,,
2025-05-17 22:52:30,0.2688196191850398,0,安全,绿色,无,无,0,,,,,,,,,,,,,,,,,,,,
2025-05-17 22:53:00,0.3042220501311502,0,安全,绿色,无,无,0,,,,,,,,,,,,,,,,,,,,
2025-05-17 22:53:30,0.4157751745843306,0,安全,绿色,无,无,0,,,,,,,,,,,,,,,,,,,,
2025-05-17 22:54:00,0.3599683465716281,0,安全,绿色,无,无,0,,,,,,,,,,,,,,,,,,,,
2025-05-17 22:54:30,0.3299201439265626,0,安全,绿色,无,无,0,,,,,,,,,,,,,,,,,,,,
2025-05-17 22:55:00,0.3419410588385681,0,安全,绿色,无,无,0,,,,,,,,,,,,,,,,,,,,
2025-05-17 22:55:30,0.3875103135892854,0,安全,绿色,无,无,0,,,,,,,,,,,,,,,,,,,,
2025-05-17 22:56:00,0.9592472231265844,1,警告,黄色,轧制区,轧制区_力传感器_轧制力,1,轧制区_力传感器_轧制力,轧制力异常,轧制力偏离预期值，可能设备或工艺异常,轧制力和轧制速度变化会影响成品厚度/宽度，进而影响热处理参数,检查轧机状态，调整轧制参数,,,,,,,,,,,,,,,
2025-05-17 22:56:30,0.3383570005294519,0,安全,绿色,无,无,0,,,,,,,,,,,,,,,,,,,,
2025-05-17 22:57:00,0.4748124666479409,0,安全,绿色,无,无,0,,,,,,,,,,,,,,,,,,,,
2025-05-17 22:57:30,0.4315953411673728,0,安全,绿色,无,无,0,,,,,,,,,,,,,,,,,,,,
2025-05-17 22:58:00,0.371899126053896,0,安全,绿色,无,无,0,,,,,,,,,,,,,,,,,,,,
2025-05-17 22:58:30,0.3006357488924376,0,安全,绿色,无,无,0,,,,,,,,,,,,,,,,,,,,
2025-05-17 22:59:00,0.4290634635840221,0,安全,绿色,无,无,0,,,,,,,,,,,,,,,,,,,,
2025-05-17 22:59:30,0.4315953411673728,0,安全,绿色,无,无,0,,,,,,,,,,,,,,,,,,,,
2025-05-17 23:00:00,0.3534942401021626,0,安全,绿色,无,无,0,,,,,,,,,,,,,,,,,,,,
2025-05-17 23:00:30,0.3973578080245925,0,安全,绿色,无,无,0,,,,,,,,,,,,,,,,,,,,
2025-05-17 23:01:00,0.370583467112387,0,安全,绿色,无,无,0,,,,,,,,,,,,,,,,,,,,
2025-05-17 23:01:30,0.3901216610496125,0,安全,绿色,无,无,0,,,,,,,,,,,,,,,,,,,,
2025-05-17 23:02:00,0.383477989365047,0,安全,绿色,无,无,0,,,,,,,,,,,,,,,,,,,,
2025-05-17 23:02:30,0.350341148568762,0,安全,绿色,无,无,0,,,,,,,,,,,,,,,,,,,,
2025-05-17 23:03:00,0.3692867330920839,0,安全,绿色,无,无,0,,,,,,,,,,,,,,,,,,,,
2025-05-17 23:03:30,0.4048203688384985,0,安全,绿色,无,无,0,,,,,,,,,,,,,,,,,,,,
2025-05-17 23:04:00,0.298886826912638,0,安全,绿色,无,无,0,,,,,,,,,,,,,,,,,,,,
2025-05-17 23:04:30,0.2870378730998602,0,安全,绿色,无,无,0,,,,,,,,,,,,,,,,,,,,
2025-05-17 23:05:00,0.3141755333125335,0,安全,绿色,无,无,0,,,,,,,,,,,,,,,,,,,,
2025-05-17 23:05:30,0.4325417653459999,0,安全,绿色,无,无,0,,,,,,,,,,,,,,,,,,,,
2025-05-17 23:06:00,0.2693188308128529,0,安全,绿色,无,无,0,,,,,,,,,,,,,,,,,,,,
2025-05-17 23:06:30,0.3126522346307789,0,安全,绿色,无,无,0,,,,,,,,,,,,,,,,,,,,
2025-05-17 23:07:00,0.2788863407997906,0,安全,绿色,无,无,0,,,,,,,,,,,,,,,,,,,,
2025-05-17 23:07:30,0.4211412178970835,0,安全,绿色,无,无,0,,,,,,,,,,,,,,,,,,,,
2025-05-17 23:08:00,0.2702486463567238,0,安全,绿色,无,无,0,,,,,,,,,,,,,,,,,,,,
2025-05-17 23:08:30,0.257052876928053,0,安全,绿色,无,无,0,,,,,,,,,,,,,,,,,,,,
2025-05-17 23:09:00,0.3392965738698436,0,安全,绿色,无,无,0,,,,,,,,,,,,,,,,,,,,
2025-05-17 23:09:30,0.3591228338356659,0,安全,绿色,无,无,0,,,,,,,,,,,,,,,,,,,,
2025-05-17 23:10:00,0.4352789755053868,0,安全,绿色,无,无,0,,,,,,,,,,,,,,,,,,,,
2025-05-17 23:10:30,0.4895324142227816,0,安全,绿色,无,无,0,,,,,,,,,,,,,,,,,,,,
2025-05-17 23:11:00,0.2590190496028237,0,安全,绿色,无,无,0,,,,,,,,,,,,,,,,,,,,
2025-05-17 23:11:30,0.2341052963001369,0,安全,绿色,无,无,0,,,,,,,,,,,,,,,,,,,,
2025-05-17 23:12:00,0.2531390573775645,0,安全,绿色,无,无,0,,,,,,,,,,,,,,,,,,,,
2025-05-17 23:12:30,0.3245914128026156,0,安全,绿色,无,无,0,,,,,,,,,,,,,,,,,,,,
2025-05-17 23:13:00,0.2886569061434275,0,安全,绿色,无,无,0,,,,,,,,,,,,,,,,,,,,
2025-05-17 23:13:30,0.2217647946632946,0,安全,绿色,无,无,0,,,,,,,,,,,,,,,,,,,,
2025-05-17 23:14:00,0.3212380473297594,0,安全,绿色,无,无,0,,,,,,,,,,,,,,,,,,,,
2025-05-17 23:14:30,0.2256528081490601,0,安全,绿色,无,无,0,,,,,,,,,,,,,,,,,,,,
2025-05-17 23:15:00,0.8493911307833438,1,警告,黄色,轧制区,轧制区_力传感器_轧制力,1,轧制区_力传感器_轧制力,轧制力异常,轧制力偏离预期值，可能设备或工艺异常,轧制力和轧制速度变化会影响成品厚度/宽度，进而影响热处理参数,检查轧机状态，调整轧制参数,,,,,,,,,,,,,,,
2025-05-17 23:15:30,0.3624610662424465,0,安全,绿色,无,无,0,,,,,,,,,,,,,,,,,,,,
2025-05-17 23:16:00,0.3738948515217022,0,安全,绿色,无,无,0,,,,,,,,,,,,,,,,,,,,
2025-05-17 23:16:30,0.3185668924392031,0,安全,绿色,无,无,0,,,,,,,,,,,,,,,,,,,,
2025-05-17 23:17:00,0.2806095701704225,0,安全,绿色,无,无,0,,,,,,,,,,,,,,,,,,,,
2025-05-17 23:17:30,0.2716674952524492,0,安全,绿色,无,无,0,,,,,,,,,,,,,,,,,,,,
2025-05-17 23:18:00,0.2733496341880179,0,安全,绿色,无,无,0,,,,,,,,,,,,,,,,,,,,
2025-05-17 23:18:30,0.2821232042995684,0,安全,绿色,无,无,0,,,,,,,,,,,,,,,,,,,,
2025-05-17 23:19:00,0.3278529512465569,0,安全,绿色,无,无,0,,,,,,,,,,,,,,,,,,,,
2025-05-17 23:19:30,0.9184090705850112,1,警告,黄色,原料与采购物流区; 轧制区,轧制区_力传感器_轧制力; 原料与采购物流区_料位传感器_料位高度,2,轧制区_力传感器_轧制力,轧制力异常,轧制力偏离预期值，可能设备或工艺异常,轧制力和轧制速度变化会影响成品厚度/宽度，进而影响热处理参数,检查轧机状态，调整轧制参数,原料与采购物流区_料位传感器_料位高度,料仓存量异常,料仓料位过高或过低，影响连续供料,原料区的料位高度变化直接影响烧结区混料水分含量,及时补料或调整出料速度,,,,,,,,,,
2025-05-17 23:20:00,0.4039544483291015,0,安全,绿色,无,无,0,,,,,,,,,,,,,,,,,,,,
2025-05-17 23:20:30,0.324930991995417,0,安全,绿色,无,无,0,,,,,,,,,,,,,,,,,,,,
2025-05-17 23:21:00,0.3272945961842085,0,安全,绿色,无,无,0,,,,,,,,,,,,,,,,,,,,
2025-05-17 23:21:30,0.362271767914299,0,安全,绿色,无,无,0,,,,,,,,,,,,,,,,,,,,
2025-05-17 23:22:00,0.2833200911073967,0,安全,绿色,无,无,0,,,,,,,,,,,,,,,,,,,,
2025-05-17 23:22:30,0.3259238837639128,0,安全,绿色,无,无,0,,,,,,,,,,,,,,,,,,,,
2025-05-17 23:23:00,0.3097178818959033,0,安全,绿色,无,无,0,,,,,,,,,,,,,,,,,,,,
2025-05-17 23:23:30,0.3259238837639128,0,安全,绿色,无,无,0,,,,,,,,,,,,,,,,,,,,
2025-05-17 23:24:00,0.9240622647303692,1,警告,黄色,轧制区,轧制区_力传感器_轧制力,1,轧制区_力传感器_轧制力,轧制力异常,轧制力偏离预期值，可能设备或工艺异常,轧制力和轧制速度变化会影响成品厚度/宽度，进而影响热处理参数,检查轧机状态，调整轧制参数,,,,,,,,,,,,,,,
2025-05-17 23:24:30,0.3980729817314645,0,安全,绿色,无,无,0,,,,,,,,,,,,,,,,,,,,
2025-05-17 23:25:00,0.361066956165422,0,安全,绿色,无,无,0,,,,,,,,,,,,,,,,,,,,
2025-05-17 23:25:30,0.3086846446138021,0,安全,绿色,无,无,0,,,,,,,,,,,,,,,,,,,,
2025-05-17 23:26:00,0.3545413059113053,0,安全,绿色,无,无,0,,,,,,,,,,,,,,,,,,,,
2025-05-17 23:26:30,0.380469885824064,0,安全,绿色,无,无,0,,,,,,,,,,,,,,,,,,,,
2025-05-17 23:27:00,0.3910555895308818,0,安全,绿色,无,无,0,,,,,,,,,,,,,,,,,,,,
2025-05-17 23:27:30,0.4421548461654911,0,安全,绿色,无,无,0,,,,,,,,,,,,,,,,,,,,
2025-05-17 23:28:00,0.3831299894715752,0,安全,绿色,无,无,0,,,,,,,,,,,,,,,,,,,,
2025-05-17 23:28:30,0.9001206258536875,1,警告,黄色,轧制区,轧制区_力传感器_轧制力,1,轧制区_力传感器_轧制力,轧制力异常,轧制力偏离预期值，可能设备或工艺异常,轧制力和轧制速度变化会影响成品厚度/宽度，进而影响热处理参数,检查轧机状态，调整轧制参数,,,,,,,,,,,,,,,
2025-05-17 23:29:00,0.5215397022271873,0,安全,绿色,无,无,0,,,,,,,,,,,,,,,,,,,,
2025-05-17 23:29:30,0.5925025366874261,0,安全,绿色,无,无,0,,,,,,,,,,,,,,,,,,,,
2025-05-17 23:30:00,0.5369751085226713,0,安全,绿色,无,无,0,,,,,,,,,,,,,,,,,,,,
2025-05-17 23:30:30,0.609875374095066,0,安全,绿色,无,无,0,,,,,,,,,,,,,,,,,,,,
2025-05-17 23:31:00,0.5169669470269814,0,安全,绿色,无,无,0,,,,,,,,,,,,,,,,,,,,
2025-05-17 23:31:30,0.5280785926552165,0,安全,绿色,无,无,0,,,,,,,,,,,,,,,,,,,,
2025-05-17 23:32:00,0.5252570331984173,0,安全,绿色,无,无,0,,,,,,,,,,,,,,,,,,,,
2025-05-17 23:32:30,0.4440576750633523,0,安全,绿色,无,无,0,,,,,,,,,,,,,,,,,,,,
2025-05-17 23:33:00,0.9849604481498933,1,警告,黄色,轧制区,轧制区_力传感器_轧制力,1,轧制区_力传感器_轧制力,轧制力异常,轧制力偏离预期值，可能设备或工艺异常,轧制力和轧制速度变化会影响成品厚度/宽度，进而影响热处理参数,检查轧机状态，调整轧制参数,,,,,,,,,,,,,,,
2025-05-17 23:33:30,0.4958145911904969,0,安全,绿色,无,无,0,,,,,,,,,,,,,,,,,,,,
2025-05-17 23:34:00,0.438673510992616,0,安全,绿色,无,无,0,,,,,,,,,,,,,,,,,,,,
2025-05-17 23:34:30,0.3436890859043444,0,安全,绿色,无,无,0,,,,,,,,,,,,,,,,,,,,
2025-05-17 23:35:00,0.3334584067478374,0,安全,绿色,无,无,0,,,,,,,,,,,,,,,,,,,,
2025-05-17 23:35:30,0.3632711049878758,0,安全,绿色,无,无,0,,,,,,,,,,,,,,,,,,,,
2025-05-17 23:36:00,0.3185189618649586,0,安全,绿色,无,无,0,,,,,,,,,,,,,,,,,,,,
2025-05-17 23:36:30,0.3388305030460876,0,安全,绿色,无,无,0,,,,,,,,,,,,,,,,,,,,
2025-05-17 23:37:00,0.3185189618649586,0,安全,绿色,无,无,0,,,,,,,,,,,,,,,,,,,,
2025-05-17 23:37:30,0.765520514084094,1,警告,黄色,轧制区,轧制区_力传感器_轧制力,1,轧制区_力传感器_轧制力,轧制力异常,轧制力偏离预期值，可能设备或工艺异常,轧制力和轧制速度变化会影响成品厚度/宽度，进而影响热处理参数,检查轧机状态，调整轧制参数,,,,,,,,,,,,,,,
2025-05-17 23:38:00,0.3388305030460876,0,安全,绿色,无,无,0,,,,,,,,,,,,,,,,,,,,
2025-05-17 23:38:30,0.348947746691456,0,安全,绿色,无,无,0,,,,,,,,,,,,,,,,,,,,
2025-05-17 23:39:00,0.3237986658448612,0,安全,绿色,无,无,0,,,,,,,,,,,,,,,,,,,,
2025-05-17 23:39:30,0.3521245204809758,0,安全,绿色,无,无,0,,,,,,,,,,,,,,,,,,,,
2025-05-17 23:40:00,0.3237986658448612,0,安全,绿色,无,无,0,,,,,,,,,,,,,,,,,,,,
2025-05-17 23:40:30,0.2529368348613941,0,安全,绿色,无,无,0,,,,,,,,,,,,,,,,,,,,
2025-05-17 23:41:00,0.2464757005261942,0,安全,绿色,无,无,0,,,,,,,,,,,,,,,,,,,,
2025-05-17 23:41:30,0.2692472449828973,0,安全,绿色,无,无,0,,,,,,,,,,,,,,,,,,,,
2025-05-17 23:42:00,0.8179997637727,1,警告,黄色,轧制区,轧制区_力传感器_轧制力,1,轧制区_力传感器_轧制力,轧制力异常,轧制力偏离预期值，可能设备或工艺异常,轧制力和轧制速度变化会影响成品厚度/宽度，进而影响热处理参数,检查轧机状态，调整轧制参数,,,,,,,,,,,,,,,
2025-05-17 23:42:30,0.263965593470963,0,安全,绿色,无,无,0,,,,,,,,,,,,,,,,,,,,
2025-05-17 23:43:00,0.2885151078885004,0,安全,绿色,无,无,0,,,,,,,,,,,,,,,,,,,,
2025-05-17 23:43:30,0.2954339403307396,0,安全,绿色,无,无,0,,,,,,,,,,,,,,,,,,,,
2025-05-17 23:44:00,0.4287161641836367,0,安全,绿色,无,无,0,,,,,,,,,,,,,,,,,,,,
2025-05-17 23:44:30,0.2954339403307396,0,安全,绿色,无,无,0,,,,,,,,,,,,,,,,,,,,
2025-05-17 23:45:00,0.2716522155353347,0,安全,绿色,无,无,0,,,,,,,,,,,,,,,,,,,,
2025-05-17 23:45:30,0.3030246226693741,0,安全,绿色,无,无,0,,,,,,,,,,,,,,,,,,,,
2025-05-17 23:46:00,0.2502099349170585,0,安全,绿色,无,无,0,,,,,,,,,,,,,,,,,,,,
2025-05-17 23:46:30,0.8707512520562551,1,警告,黄色,轧制区,轧制区_力传感器_轧制力,1,轧制区_力传感器_轧制力,轧制力异常,轧制力偏离预期值，可能设备或工艺异常,轧制力和轧制速度变化会影响成品厚度/宽度，进而影响热处理参数,检查轧机状态，调整轧制参数,,,,,,,,,,,,,,,
2025-05-17 23:47:00,0.354531696783522,0,安全,绿色,无,无,0,,,,,,,,,,,,,,,,,,,,
2025-05-17 23:47:30,0.302353592934457,0,安全,绿色,无,无,0,,,,,,,,,,,,,,,,,,,,
2025-05-17 23:48:00,0.3307413376273204,0,安全,绿色,无,无,0,,,,,,,,,,,,,,,,,,,,
2025-05-17 23:48:30,0.3309986220834445,0,安全,绿色,无,无,0,,,,,,,,,,,,,,,,,,,,
2025-05-17 23:49:00,0.3030246226693741,0,安全,绿色,无,无,0,,,,,,,,,,,,,,,,,,,,
2025-05-17 23:49:30,0.3721838624327533,0,安全,绿色,无,无,0,,,,,,,,,,,,,,,,,,,,
2025-05-17 23:50:00,0.4310250721171632,0,安全,绿色,无,无,0,,,,,,,,,,,,,,,,,,,,
2025-05-17 23:50:30,0.3123446490565508,0,安全,绿色,无,无,0,,,,,,,,,,,,,,,,,,,,
2025-05-17 23:51:00,0.8126009281470548,1,警告,黄色,轧制区,轧制区_力传感器_轧制力,1,轧制区_力传感器_轧制力,轧制力异常,轧制力偏离预期值，可能设备或工艺异常,轧制力和轧制速度变化会影响成品厚度/宽度，进而影响热处理参数,检查轧机状态，调整轧制参数,,,,,,,,,,,,,,,
2025-05-17 23:51:30,0.3785829433903946,0,安全,绿色,无,无,0,,,,,,,,,,,,,,,,,,,,
2025-05-17 23:52:00,0.4080857321435919,0,安全,绿色,无,无,0,,,,,,,,,,,,,,,,,,,,
2025-05-17 23:52:30,0.3123618367094449,0,安全,绿色,无,无,0,,,,,,,,,,,,,,,,,,,,
2025-05-17 23:53:00,0.2949853143145978,0,安全,绿色,无,无,0,,,,,,,,,,,,,,,,,,,,
2025-05-17 23:53:30,0.321261448441515,0,安全,绿色,无,无,0,,,,,,,,,,,,,,,,,,,,
2025-05-17 23:54:00,0.3227221104328638,0,安全,绿色,无,无,0,,,,,,,,,,,,,,,,,,,,
2025-05-17 23:54:30,0.3145591850326225,0,安全,绿色,无,无,0,,,,,,,,,,,,,,,,,,,,
2025-05-17 23:55:00,0.3485407501455788,0,安全,绿色,无,无,0,,,,,,,,,,,,,,,,,,,,
2025-05-17 23:55:30,0.920635958260205,1,警告,黄色,轧制区,轧制区_力传感器_轧制力,1,轧制区_力传感器_轧制力,轧制力异常,轧制力偏离预期值，可能设备或工艺异常,轧制力和轧制速度变化会影响成品厚度/宽度，进而影响热处理参数,检查轧机状态，调整轧制参数,,,,,,,,,,,,,,,
2025-05-17 23:56:00,0.3336572457366585,0,安全,绿色,无,无,0,,,,,,,,,,,,,,,,,,,,
2025-05-17 23:56:30,0.3467631204304345,0,安全,绿色,无,无,0,,,,,,,,,,,,,,,,,,,,
2025-05-17 23:57:00,0.4069863892438963,0,安全,绿色,无,无,0,,,,,,,,,,,,,,,,,,,,
2025-05-17 23:57:30,0.4962496412192015,0,安全,绿色,无,无,0,,,,,,,,,,,,,,,,,,,,
2025-05-17 23:58:00,0.51110239488119,0,安全,绿色,无,无,0,,,,,,,,,,,,,,,,,,,,
2025-05-17 23:58:30,0.3519508056764256,0,安全,绿色,无,无,0,,,,,,,,,,,,,,,,,,,,
2025-05-17 23:59:00,0.4176612418617467,0,安全,绿色,无,无,0,,,,,,,,,,,,,,,,,,,,
2025-05-17 23:59:30,0.4962496412192051,0,安全,绿色,无,无,0,,,,,,,,,,,,,,,,,,,,
2025-05-18 00:00:00,1.514361109165849,1,危险,红色,轧制区,轧制区_温度传感器_坯料温度,1,轧制区_温度传感器_坯料温度,坯料温度异常,轧制前坯料温度偏离工艺要求,影响轧制力分配和产品性能,调整加热炉操作或轧制节拍,,,,,,,,,,,,,,,
